type,km0,km1,len_km,detail
RUN STRAIGHT,0.0,0.3650718360507626,0.37,
MULTITRACK,0.0,0.47404783823255614,0.47404783823255614,6 tracks
RUN STRAIGHT,0.47404783823255614,0.8860174039909086,0.41,
RUN CURVE,0.8860174039909086,1.2088368682999218,0.32,L avg -0.20 max 0.58 deg/100ft
RUN STRAIGHT,1.2088368682999218,1.5613543953687485,0.35,
RUN STRAIGHT,1.696614307638186,2.040176983885619,0.34,
MULTITRACK,2.040176983885619,2.6068578327973126,0.5666808489116937,3 tracks
RUN STRAIGHT,2.087230981488835,3.048123681928068,0.96,
STATION,2.2295959318074527,2.2295959318074527,0.0,Vancouver (Rocky Mountaineer term.)
RUN STRAIGHT,3.1011282152356134,4.502052752407088,1.4,
RUN STRAIGHT,4.547372599025318,4.839221988579669,0.29,
RUN STRAIGHT,4.891056872858989,5.26382024013536,0.37,
RUN STRAIGHT,5.411542854341206,5.722484227151693,0.31,
RUN STRAIGHT,5.766985198452579,6.695251395789882,0.93,
RUN STRAIGHT,6.743491309101112,6.935455615633289,0.19,
RUN CURVE,7.2413221263162555,7.500258619936035,0.26,R avg +2.17 max 2.94 deg/100ft
RUN STRAIGHT,7.500258619936035,7.672874377094572,0.17,
RUN CURVE,7.672874377094572,7.945329599115099,0.27,R avg +0.74 max 2.32 deg/100ft
MULTITRACK,7.838752251266813,14.826703020758794,6.987950769491981,5 tracks
RUN CURVE,8.414801132677033,8.604660917189891,0.19,R avg +0.24 max 0.24 deg/100ft
RUN STRAIGHT,8.604660917189891,8.777109003839737,0.17,
RUN CURVE,8.777109003839737,8.932223278000913,0.16,L avg -1.29 max 1.99 deg/100ft
RUN CURVE,9.036105072207532,9.214520927166461,0.18,L avg -4.09 max 4.66 deg/100ft
RUN CURVE,9.2923503122369,9.467015790567546,0.17,R avg +0.64 max 1.70 deg/100ft
RUN CURVE,9.523096607248279,9.888971541494607,0.37,R avg +0.24 max 0.58 deg/100ft
RUN CURVE,10.146501264435331,10.558852852544556,0.41,R avg +3.34 max 6.32 deg/100ft
RUN CURVE,10.724459291592607,11.12169265414109,0.4,L avg -0.21 max 1.27 deg/100ft
RUN CURVE,11.226042513744275,11.566670826927176,0.34,L avg -1.40 max 2.64 deg/100ft
RUN STRAIGHT,12.118760528239866,12.27675245301576,0.16,
RUN STRAIGHT,12.40125560477697,13.1204219897897,0.72,
RUN CURVE,13.393389484551209,13.76476340150493,0.37,L avg -0.31 max 0.31 deg/100ft
RUN STRAIGHT,13.76476340150493,14.296591063366183,0.53,
RUN CURVE,14.296591063366183,14.645862660312586,0.35,R avg +2.80 max 5.20 deg/100ft
RUN STRAIGHT,14.645862660312586,15.275213187466505,0.63,
MULTITRACK,15.035100271610117,24.236737600005537,9.20163732839542,6 tracks
RUN STRAIGHT,15.372506443591826,15.631061628445154,0.26,
RUN CURVE,15.631061628445154,15.798118308153242,0.17,R avg +0.21 max 0.62 deg/100ft
RUN STRAIGHT,15.798118308153242,15.990569999786366,0.19,
RUN CURVE,15.990569999786366,16.153441653049786,0.16,R avg +0.44 max 1.17 deg/100ft
RUN STRAIGHT,16.274825404199184,16.55240466685428,0.28,
RUN CURVE,16.639379669587417,16.877652633688133,0.24,L avg -2.22 max 3.91 deg/100ft
RUN STRAIGHT,17.353248506534186,17.72253461380173,0.37,
RUN STRAIGHT,17.93167575895186,18.08206018024206,0.15,
RUN STRAIGHT,18.335522415053177,19.281422640764063,0.95,
RUN STRAIGHT,19.37227869862218,19.73236626314931,0.36,
RUN STRAIGHT,19.78587622072044,19.94320792021808,0.16,
RUN STRAIGHT,20.02417053836797,20.647352594434707,0.62,
RUN STRAIGHT,20.7094430667059,21.14763658720197,0.44,
RUN STRAIGHT,21.193360759616944,21.557652620287133,0.36,
RUN STRAIGHT,21.772760897543,22.487688175683584,0.71,
RUN STRAIGHT,22.547986054751764,22.735702126803435,0.19,
RUN STRAIGHT,22.88330613691988,23.044457258810034,0.16,
RUN CURVE,23.226086861181795,23.71547092140019,0.49,L avg -0.49 max 0.87 deg/100ft
RUN STRAIGHT,23.71547092140019,24.564922805475348,0.85,
RUN CURVE,24.564922805475348,24.90946907648859,0.34,R avg +1.57 max 2.41 deg/100ft
MULTITRACK,24.564922805475348,28.710796742274287,4.145873936798939,12 tracks
YARD,24.6937636316534,25.11735889191685,0.4235952602634505,8 tracks
BRIDGE,24.90946907648859,24.97872259019098,0.06925351370238886,
RUN CURVE,24.97872259019098,25.362712867490643,0.38,R avg +1.35 max 4.18 deg/100ft
RUN STRAIGHT,25.362712867490643,25.870458190779082,0.51,
BRIDGE,25.362712867490643,25.457777521900756,0.09506465441011258,
RUN CURVE,25.870458190779082,26.101072171356645,0.23,L avg -0.82 max 1.03 deg/100ft
YARD,25.97269917745048,27.4579127452271,1.485213567776622,14 tracks
RUN STRAIGHT,26.101072171356645,27.150731281225237,1.05,
BRIDGE,26.87095640476086,26.94137953697295,0.07042313221208829,
BRIDGE,27.092922600256603,27.150731281225237,0.05780868096863401,
RUN CURVE,27.25553002413023,27.4579127452271,0.2,L avg -0.11 max 1.24 deg/100ft
STATION,27.620973794899257,27.620973794899257,0.0,Port Coquitlam
RUN STRAIGHT,27.93185318684009,28.174277950671446,0.24,
RUN CURVE,28.174277950671446,28.408593710264668,0.23,L avg -0.02 max 0.25 deg/100ft
RUN STRAIGHT,28.58688856260738,29.971944284532476,1.39,
MULTITRACK,29.971944284532476,35.996741917109055,6.024797632576579,11 tracks
YARD,30.19924244048049,31.642209767046253,1.442967326565764,13 tracks
RUN STRAIGHT,30.54081908768531,30.79633327373744,0.26,
RUN CURVE,30.79633327373744,31.078912470923452,0.28,R avg +0.68 max 1.58 deg/100ft
BRIDGE,30.79633327373744,31.373818447151823,0.5774851734143844,
RUN STRAIGHT,31.078912470923452,35.86591216252737,4.79,
RUN CURVE,35.996741917109055,36.198679902531524,0.2,L avg -0.15 max 0.48 deg/100ft
MULTITRACK,36.13119036982176,38.950085597879955,2.818895228058196,7 tracks
YARD,36.41307547425042,37.10034014076225,0.6872646665118296,9 tracks
RUN STRAIGHT,36.638441232916875,36.87411566466444,0.24,
RUN STRAIGHT,36.95468227502855,37.19142369280401,0.24,
RUN CURVE,37.19142369280401,37.71216274384356,0.52,R avg +1.59 max 3.66 deg/100ft
RUN STRAIGHT,37.71216274384356,37.989384704035615,0.28,
RUN CURVE,37.989384704035615,38.18877401934656,0.2,R avg +0.60 max 2.22 deg/100ft
RUN STRAIGHT,38.37526743215329,38.78737127785851,0.41,
RUN CURVE,38.78737127785851,38.950085597879955,0.16,L avg -4.36 max 6.35 deg/100ft
RUN STRAIGHT,38.950085597879955,39.519618923377685,0.57,
RUN CURVE,39.519618923377685,39.72131061813873,0.2,R avg +0.52 max 0.55 deg/100ft
RUN STRAIGHT,39.72131061813873,40.60167986418125,0.88,
MULTITRACK,40.19815655511008,43.15431140545091,2.9561548503408304,3 tracks
RUN CURVE,40.60167986418125,41.344722119211525,0.74,R avg +0.93 max 2.23 deg/100ft
RUN CURVE,41.47584500956848,41.682171046568556,0.21,R avg +1.29 max 2.11 deg/100ft
RUN CURVE,41.795322734644465,42.09434399890962,0.3,R avg +0.62 max 2.59 deg/100ft
RUN CURVE,42.237419673718954,42.614480429019096,0.38,R avg +1.05 max 1.77 deg/100ft
RUN STRAIGHT,42.614480429019096,42.81796989048878,0.2,
RUN STRAIGHT,42.88044160905155,43.06330135808585,0.18,
RUN CURVE,43.06330135808585,43.242582584499225,0.18,L avg -0.05 max 0.37 deg/100ft
RUN STRAIGHT,43.242582584499225,43.607662002139946,0.37,
RUN CURVE,43.607662002139946,43.84980009128082,0.24,L avg -1.03 max 1.03 deg/100ft
MULTITRACK,43.607662002139946,77.97268858677663,34.36502658463668,7 tracks
RUN STRAIGHT,43.99483025617313,44.16953887629191,0.17,
YARD,43.99483025617313,44.77783665811273,0.7830064019396019,10 tracks
BRIDGE,44.13459637565021,44.25095448289709,0.11635810724688156,
RUN STRAIGHT,44.484125741560725,44.64754920706078,0.16,
RUN STRAIGHT,44.935794176420664,45.20623365170747,0.27,
RUN CURVE,45.20623365170747,45.362377031567796,0.16,R avg +0.09 max 0.55 deg/100ft
RUN CURVE,45.485038134517026,45.65054277740161,0.17,L avg -1.03 max 2.10 deg/100ft
RUN CURVE,45.729041670255754,46.00909631993299,0.28,L avg -0.95 max 3.76 deg/100ft
RUN CURVE,46.471616067932295,46.70866778217976,0.24,L avg -0.01 max 2.25 deg/100ft
RUN STRAIGHT,47.80979096755691,47.96333972468077,0.15,
RUN CURVE,47.96333972468077,48.18430848346779,0.22,L avg -0.64 max 1.84 deg/100ft
RUN CURVE,48.59110596079011,48.751149945005224,0.16,L avg -0.18 max 0.60 deg/100ft
RUN CURVE,48.86661257817281,49.08151235941437,0.21,L avg -0.07 max 0.34 deg/100ft
RUN CURVE,49.19332048127825,49.540439102503896,0.35,L avg -1.53 max 2.34 deg/100ft
RUN STRAIGHT,49.540439102503896,49.751349819377886,0.21,
RUN CURVE,49.751349819377886,49.99225139126061,0.24,R avg +0.04 max 0.27 deg/100ft
RUN STRAIGHT,49.99225139126061,50.86320975601889,0.87,
RUN CURVE,50.86320975601889,51.29010323375902,0.43,R avg +1.52 max 3.79 deg/100ft
RUN CURVE,51.38765070952977,51.53914763142632,0.15,L avg -1.55 max 1.55 deg/100ft
RUN CURVE,51.565900322240765,52.051283679056894,0.49,L avg -1.61 max 3.61 deg/100ft
RUN STRAIGHT,52.051283679056894,52.251781275236546,0.2,
RUN CURVE,52.251781275236546,52.416515326304406,0.16,R avg +0.08 max 0.39 deg/100ft
RUN CURVE,52.41906537771815,52.727797114721646,0.31,L avg -0.45 max 0.51 deg/100ft
RUN STRAIGHT,52.727797114721646,54.059577212391716,1.33,
RUN CURVE,54.059577212391716,54.4508839474216,0.39,R avg +0.98 max 1.43 deg/100ft
RUN STRAIGHT,54.4508839474216,55.26974986323231,0.82,
RUN CURVE,55.26974986323231,55.44183839102407,0.17,R avg +1.19 max 1.57 deg/100ft
RUN STRAIGHT,55.44183839102407,56.07927618109633,0.64,
RUN STRAIGHT,56.16062229906956,56.37057889989528,0.21,
RUN CURVE,56.37057889989528,56.60570271467798,0.24,L avg -0.84 max 0.88 deg/100ft
RUN STRAIGHT,56.60570271467798,56.80477489103011,0.2,
YARD,56.93269048093827,57.41766935911997,0.4849788781816997,7 tracks
BRIDGE,57.04357609939098,57.22391096255808,0.18033486316709713,
RUN STRAIGHT,57.26972687458093,57.522822374017785,0.25,
RUN STRAIGHT,57.60106801364128,57.754229800737875,0.15,
RUN STRAIGHT,57.83364087105985,58.31609515769316,0.48,
RUN CURVE,58.31609515769316,58.69071400826468,0.37,R avg +0.36 max 0.36 deg/100ft
RUN STRAIGHT,58.69071400826468,58.9810841537381,0.29,
RUN STRAIGHT,59.053826671436376,59.307061536912514,0.25,
RUN CURVE,59.307061536912514,59.89725485370074,0.59,L avg -2.07 max 3.89 deg/100ft
RUN STRAIGHT,59.89725485370074,60.380947182158735,0.48,
RUN STRAIGHT,60.47576423130013,62.00989409536522,1.53,
RUN STRAIGHT,62.13064222975434,63.92594274241951,1.8,
RUN CURVE,63.92594274241951,64.08286605582593,0.16,R avg +1.56 max 1.56 deg/100ft
RUN STRAIGHT,64.08286605582593,64.38665963410384,0.3,
RUN CURVE,64.38665963410384,65.98801116916711,1.6,L avg -1.56 max 4.45 deg/100ft
RUN STRAIGHT,65.98801116916711,67.09422616623488,1.11,
YARD,67.09422616623488,67.72247902017587,0.6282528539409924,8 tracks
RUN STRAIGHT,67.37415785682943,67.61848781524957,0.24,
STATION,67.58392167586008,67.58392167586008,0.0,Mission
RUN STRAIGHT,67.72247902017587,68.16597913275672,0.44,
RUN CURVE,68.16597913275672,68.46032937228294,0.29,L avg -1.47 max 1.60 deg/100ft
RUN CURVE,68.52011985551826,68.85578391464851,0.34,L avg -1.56 max 2.79 deg/100ft
RUN STRAIGHT,68.85578391464851,69.3200524021912,0.46,
RUN CURVE,69.3200524021912,70.12782329409121,0.81,R avg +0.04 max 1.44 deg/100ft
RUN STRAIGHT,70.12782329409121,70.79857576223785,0.67,
RUN CURVE,70.79857576223785,71.09387546026531,0.3,R avg +1.46 max 3.43 deg/100ft
RUN STRAIGHT,71.09387546026531,71.3711172969366,0.28,
RUN CURVE,71.3711172969366,71.6389672506174,0.27,R avg +1.53 max 2.08 deg/100ft
RUN CURVE,71.7087536859949,71.87996323595739,0.17,R avg +1.67 max 2.23 deg/100ft
RUN STRAIGHT,71.87996323595739,73.04239389472076,1.16,
RUN CURVE,73.04239389472076,73.35895346239646,0.32,L avg -2.04 max 3.12 deg/100ft
RUN STRAIGHT,73.35895346239646,73.76334715550225,0.4,
RUN STRAIGHT,73.87839932361956,75.17670548489706,1.3,
RUN CURVE,75.17670548489706,75.63812162629554,0.46,L avg -2.03 max 2.84 deg/100ft
RUN STRAIGHT,75.63812162629554,76.91188917209749,1.27,
RUN STRAIGHT,76.96331758326065,77.14484444110835,0.18,
RUN CURVE,77.14484444110835,77.4983563435805,0.35,R avg +1.44 max 2.32 deg/100ft
RUN STRAIGHT,77.4983563435805,81.07629824589971,3.58,
MULTITRACK,78.79333208282623,82.92729878292118,4.133966700094959,6 tracks
RUN STRAIGHT,81.2940593053827,81.81307679754691,0.52,
RUN STRAIGHT,82.03071001145103,82.27522042796078,0.24,
RUN CURVE,82.44648627180628,83.17489045952648,0.73,R avg +1.83 max 5.06 deg/100ft
RUN STRAIGHT,83.17489045952648,83.41839871165004,0.24,
RUN CURVE,83.41839871165004,84.1189983947261,0.7,R avg +0.77 max 1.18 deg/100ft
MULTITRACK,83.41839871165004,83.82945783949985,0.4110591278498106,2 tracks
RUN STRAIGHT,84.1189983947261,84.44363306455186,0.32,
MULTITRACK,84.44363306455186,124.27906917409562,39.835436109543764,8 tracks
RUN STRAIGHT,84.63571762255124,85.03655478092807,0.4,
RUN CURVE,85.03655478092807,85.4192650071638,0.38,L avg -2.72 max 4.73 deg/100ft
RUN STRAIGHT,85.4192650071638,85.99720611034878,0.58,
RUN CURVE,85.99720611034878,86.60393989615766,0.61,L avg -1.72 max 4.04 deg/100ft
RUN STRAIGHT,86.7932071378117,88.0100628534294,1.22,
RUN CURVE,88.0100628534294,88.57429587452907,0.56,R avg +0.39 max 1.18 deg/100ft
RUN STRAIGHT,88.57429587452907,89.3601842287431,0.79,
RUN CURVE,89.74462265286105,90.79734521074812,1.05,L avg -2.18 max 4.30 deg/100ft
RUN STRAIGHT,90.79734521074812,91.18915017778673,0.39,
RUN CURVE,91.18915017778673,92.54267268354967,1.35,L avg -1.72 max 2.66 deg/100ft
YARD,92.32852219733078,92.77053080499131,0.44200860766052585,6 tracks
BRIDGE,92.54267268354967,92.6073179775744,0.06464529402472863,
RUN CURVE,92.6073179775744,92.9781599488774,0.37,L avg -2.14 max 3.95 deg/100ft
RUN STRAIGHT,92.9781599488774,93.3390024324956,0.36,
RUN STRAIGHT,93.42860477171217,94.06514355039438,0.64,
RUN STRAIGHT,94.35085409688863,94.67825019361365,0.33,
RUN CURVE,95.06730151144575,95.34071190391565,0.27,L avg -1.19 max 1.99 deg/100ft
RUN STRAIGHT,95.34071190391565,95.77245157402318,0.43,
RUN CURVE,95.77245157402318,95.9655708774707,0.19,L avg -0.61 max 0.61 deg/100ft
RUN STRAIGHT,95.9655708774707,96.25896334697481,0.29,
RUN STRAIGHT,96.31058793544524,96.57402398685046,0.26,
RUN STRAIGHT,96.6157938968912,96.7698925577714,0.15,
RUN CURVE,96.7698925577714,96.93598858584414,0.17,R avg +1.44 max 1.71 deg/100ft
STATION,97.10187772260116,97.10187772260116,0.0,Chilliwack
BRIDGE,97.4448395852077,97.85222318162114,0.4073835964134389,
RUN STRAIGHT,97.49766925185088,97.7947911875269,0.3,
RUN STRAIGHT,97.91557654337662,98.12616464398508,0.21,
RUN CURVE,98.12616464398508,98.29847487489353,0.17,R avg +1.86 max 2.44 deg/100ft
RUN STRAIGHT,98.4200874853163,98.9466409789515,0.53,
RUN STRAIGHT,99.07741833912426,100.62523792211417,1.55,
BRIDGE,99.07741833912426,99.13677837145693,0.05936003233266263,
RUN CURVE,100.62523792211417,100.93057155805023,0.31,R avg +1.75 max 2.14 deg/100ft
RUN STRAIGHT,100.93057155805023,101.49988749451093,0.57,
RUN CURVE,101.58700117540238,101.9688284135731,0.38,L avg -2.18 max 2.83 deg/100ft
RUN STRAIGHT,101.9688284135731,102.72310421508276,0.75,
RUN CURVE,102.72310421508276,103.40448366237017,0.68,L avg -0.06 max 3.34 deg/100ft
RUN STRAIGHT,103.40448366237017,103.78150513526872,0.38,
RUN CURVE,103.78150513526872,104.385770895636,0.6,L avg -0.15 max 2.59 deg/100ft
RUN CURVE,104.5187699463256,105.04590320329845,0.53,R avg +0.40 max 4.47 deg/100ft
RUN CURVE,105.19463586320614,105.44338469983464,0.25,L avg -2.31 max 4.44 deg/100ft
RUN CURVE,105.48294456412789,105.8675431375639,0.38,L avg -2.35 max 4.58 deg/100ft
RUN STRAIGHT,105.8675431375639,106.15451065726161,0.29,
RUN CURVE,106.2360508508064,106.83382270749743,0.6,R avg +2.47 max 3.74 deg/100ft
RUN STRAIGHT,106.83382270749743,109.32254276509421,2.49,
RUN CURVE,109.32254276509421,109.89018711127122,0.57,R avg +0.73 max 0.85 deg/100ft
RUN STRAIGHT,109.89018711127122,112.72252927621358,2.83,
RUN STRAIGHT,112.767480671435,113.83434722554722,1.07,
RUN CURVE,113.83434722554722,114.96446252864266,1.13,L avg -1.94 max 3.74 deg/100ft
RUN STRAIGHT,114.96446252864266,123.85420373617272,8.89,
RUN STRAIGHT,123.89736543000058,125.46002086427161,1.56,
RUN STRAIGHT,125.50428418643486,125.84974288692267,0.35,
RUN STRAIGHT,125.89638368054918,126.0816037995454,0.19,
RUN CURVE,126.53677461847639,126.69357385063716,0.16,R avg +0.28 max 1.16 deg/100ft
RUN CURVE,126.7299409847659,126.98918848222439,0.26,R avg +0.19 max 1.37 deg/100ft
RUN STRAIGHT,127.65564838420123,129.42387184775401,1.77,
RUN STRAIGHT,129.46694061312985,131.13651819453978,1.67,
BRIDGE,130.469827030572,130.5692498378828,0.0994228073108161,
RUN STRAIGHT,131.38809322116734,131.6545971652497,0.27,
RUN STRAIGHT,131.78068506776134,132.05185924579578,0.27,
RUN STRAIGHT,132.16326720302192,133.2566925483606,1.09,
RUN CURVE,133.2566925483606,133.5727030851549,0.32,R avg +0.38 max 0.51 deg/100ft
RUN STRAIGHT,133.5727030851549,133.8288739661167,0.26,
RUN STRAIGHT,133.87251915733958,137.63531129899619,3.76,
RUN STRAIGHT,137.77837503602726,138.06154398434433,0.28,
RUN STRAIGHT,138.17221032130007,139.6676900409401,1.5,
RUN CURVE,140.00719127246958,140.76183102059477,0.75,L avg -0.57 max 5.20 deg/100ft
RUN STRAIGHT,140.76183102059477,140.97134475542146,0.21,
RUN CURVE,140.97134475542146,141.15262072759006,0.18,R avg +0.31 max 1.03 deg/100ft
RUN STRAIGHT,141.15262072759006,141.74387313313952,0.59,
RUN CURVE,141.74387313313952,142.07908556866593,0.34,R avg +1.43 max 2.38 deg/100ft
RUN STRAIGHT,142.07908556866593,142.69809181226137,0.62,
RUN CURVE,142.69809181226137,144.84177290925862,2.14,L avg -1.01 max 6.34 deg/100ft
STATION,143.8710604313538,143.8710604313538,0.0,Hope
RUN STRAIGHT,144.84177290925862,145.0873462078915,0.25,
RUN CURVE,145.0873462078915,145.51483613033196,0.43,L avg -0.80 max 1.68 deg/100ft
RUN CURVE,145.54034879303993,145.82129919855626,0.28,R avg +3.48 max 6.67 deg/100ft
RUN CURVE,145.87635135814972,147.12576648875847,1.25,L avg -1.68 max 10.50 deg/100ft
RUN CURVE,147.22754596177873,147.9176332614981,0.69,R avg +0.91 max 2.03 deg/100ft
RUN CURVE,147.93571069753,148.22728496700432,0.29,L avg -0.18 max 0.54 deg/100ft
BRIDGE,148.1591349545954,148.22728496700432,0.06815001240892116,
RUN STRAIGHT,148.22728496700432,148.44554976554443,0.22,
RUN CURVE,148.44554976554443,148.95660431588206,0.51,R avg +1.86 max 3.15 deg/100ft
RUN STRAIGHT,148.95660431588206,150.6425030469669,1.69,
RUN STRAIGHT,150.6856299748025,151.30401868624227,0.62,
RUN STRAIGHT,151.4182197082457,152.79563461781595,1.38,
RUN CURVE,152.79563461781595,153.13180954957676,0.34,L avg -0.38 max 1.29 deg/100ft
RUN CURVE,153.16226619674092,153.46109201665433,0.3,L avg -0.26 max 0.31 deg/100ft
RUN STRAIGHT,153.46109201665433,154.3628142254417,0.9,
RUN CURVE,154.3628142254417,154.7251978720456,0.36,L avg -0.87 max 1.18 deg/100ft
RUN STRAIGHT,154.7251978720456,156.06208298038905,1.34,
RUN CURVE,156.06208298038905,156.83063592545716,0.77,R avg +0.72 max 4.36 deg/100ft
RUN CURVE,156.92035696365429,157.30752948819662,0.39,L avg -2.61 max 4.80 deg/100ft
BRIDGE,157.0461231352689,157.1110054402733,0.06488230500437453,
RUN STRAIGHT,157.30752948819662,157.52359650696454,0.22,
RUN CURVE,157.52359650696454,158.47993271130983,0.96,L avg -0.22 max 3.29 deg/100ft
RUN STRAIGHT,158.47993271130983,159.20441260225292,0.72,
RUN CURVE,159.32586941111884,160.33932847582696,1.01,L avg -0.34 max 2.30 deg/100ft
RUN STRAIGHT,160.33932847582696,160.5425468871367,0.2,
RUN CURVE,160.9197446137221,161.5880697434145,0.67,R avg +1.46 max 3.89 deg/100ft
RUN STRAIGHT,161.5880697434145,161.96597999355052,0.38,
BRIDGE,161.77627170701712,161.8491570439362,0.07288533691908583,
RUN CURVE,161.96597999355052,162.18433661401093,0.22,L avg -0.05 max 2.69 deg/100ft
RUN STRAIGHT,162.18433661401093,162.33457012712395,0.15,
RUN CURVE,162.33457012712395,162.75044391884012,0.42,R avg +2.98 max 6.26 deg/100ft
RUN STRAIGHT,162.75044391884012,162.94157822107246,0.19,
RUN CURVE,163.00052198835604,163.46259419725104,0.46,R avg +1.27 max 3.02 deg/100ft
RUN STRAIGHT,163.46259419725104,163.62758741174804,0.16,
RUN CURVE,163.78951468730529,164.09912456649226,0.31,R avg +2.21 max 4.91 deg/100ft
RUN STRAIGHT,164.09912456649226,164.69136666778707,0.59,
MULTITRACK,164.31433670945387,164.63214292781652,0.317806218362648,3 tracks
BRIDGE,164.40016115193765,164.52693931419492,0.126778162257267,
RUN CURVE,164.77596906622492,165.01511768854925,0.24,L avg -1.73 max 3.33 deg/100ft
RUN CURVE,165.15569695302915,165.34691302853588,0.19,L avg -0.62 max 0.88 deg/100ft
MULTITRACK,165.29006370641835,165.9300332835732,0.6399695771548579,3 tracks
TUNNEL,165.29006370641835,165.9300332835732,0.6399695771548579,
RUN CURVE,165.3878511139386,165.89028237789518,0.5,R avg +0.39 max 5.84 deg/100ft
RUN CURVE,165.9300332835732,166.31502998944944,0.38,L avg -2.86 max 4.29 deg/100ft
RUN STRAIGHT,166.31502998944944,166.61697098219588,0.3,
RUN CURVE,166.61697098219588,166.84533024351995,0.23,L avg -1.36 max 2.16 deg/100ft
RUN STRAIGHT,166.84533024351995,167.2743032581592,0.43,
RUN CURVE,167.41206647296596,167.74543250332002,0.33,R avg +0.55 max 3.20 deg/100ft
RUN CURVE,167.7833476090697,167.98930815946227,0.21,L avg -0.25 max 14.06 deg/100ft
RUN STRAIGHT,168.12729105555502,168.30202183199987,0.17,
RUN CURVE,168.46193008507228,168.7129245656938,0.25,R avg +0.41 max 1.14 deg/100ft
RUN STRAIGHT,168.7129245656938,169.15632928459408,0.44,
RUN STRAIGHT,169.65681383546882,169.90625795046748,0.25,
RUN STRAIGHT,170.04322740832202,170.41650958232327,0.37,
RUN CURVE,170.6281492217474,171.22295243471393,0.59,R avg +1.29 max 2.26 deg/100ft
RUN STRAIGHT,171.22295243471393,171.44039863485096,0.22,
RUN CURVE,171.44039863485096,171.9088000649458,0.47,R avg +1.34 max 4.25 deg/100ft
RUN CURVE,171.99300505234106,173.24188875281033,1.25,R avg +0.28 max 11.43 deg/100ft
RUN STRAIGHT,173.32743736248227,173.70176462883958,0.37,
RUN STRAIGHT,173.81958597569906,174.17175765536606,0.35,
RUN STRAIGHT,174.31271913446398,174.5228802219084,0.21,
RUN STRAIGHT,174.58996182546784,174.82898576890162,0.24,
RUN STRAIGHT,175.20353750620666,175.97506472530458,0.77,
RUN CURVE,175.97506472530458,176.7762983793529,0.8,R avg +2.94 max 8.86 deg/100ft
RUN STRAIGHT,176.7762983793529,176.94132515904138,0.17,
RUN CURVE,176.94132515904138,178.72040777799478,1.78,L avg -1.25 max 8.97 deg/100ft
RUN STRAIGHT,179.15360798671594,179.69946363015194,0.55,
MULTITRACK,179.57316288934408,179.91730087681393,0.3441379874698498,3 tracks
BRIDGE,179.64215210145002,179.77340393633858,0.13125183488855896,
RUN STRAIGHT,179.84043621981996,180.1364837996085,0.3,
RUN STRAIGHT,180.19360826417332,180.34741282042836,0.15,
RUN STRAIGHT,180.43507790267574,180.72741923591147,0.29,
RUN CURVE,180.72741923591147,181.21034378117565,0.48,R avg +1.16 max 5.08 deg/100ft
MULTITRACK,180.9547651260617,183.51784280228134,2.563077676219649,4 tracks
RUN CURVE,181.24966822081063,182.0727632168625,0.82,L avg -0.06 max 1.34 deg/100ft
RUN STRAIGHT,182.0727632168625,182.88681360021977,0.81,
RUN STRAIGHT,182.9309940553911,183.20379050424341,0.27,
RUN CURVE,183.20379050424341,184.59988497980657,1.4,L avg -0.82 max 13.99 deg/100ft
RUN CURVE,184.62716001052692,187.1009921335283,2.47,L avg -0.51 max 7.37 deg/100ft
MULTITRACK,186.51707606243212,187.1009921335283,0.5839160710961835,2 tracks
TUNNEL,186.51707606243212,186.9674392923241,0.45036322989196265,
RUN CURVE,187.30849869816976,187.64801565402138,0.34,R avg +0.58 max 2.99 deg/100ft
RUN CURVE,187.94857709056464,188.8240207594551,0.88,R avg +1.90 max 4.62 deg/100ft
RUN CURVE,188.86297982638678,189.75102595928982,0.89,L avg -2.33 max 9.86 deg/100ft
RUN CURVE,189.8843647598252,190.1618428772041,0.28,L avg -0.15 max 5.78 deg/100ft
MULTITRACK,190.10083855403298,190.556250633688,0.4554120796550194,3 tracks
TUNNEL,190.1618428772041,190.47303497545633,0.3111920982522349,
RUN CURVE,190.18344126407817,190.4414521220991,0.26,L avg -3.18 max 6.16 deg/100ft
RUN CURVE,190.71499775403245,191.50530677937837,0.79,L avg -0.64 max 7.03 deg/100ft
MULTITRACK,190.82929426512484,192.03850622163569,1.209211956510842,4 tracks
BRIDGE,191.50530677937837,191.7550212030045,0.2497144236261306,
RUN CURVE,191.5279672963257,191.91092446391264,0.38,R avg +0.43 max 1.43 deg/100ft
RUN CURVE,192.21063465210418,192.42503514278135,0.21,L avg -1.22 max 3.03 deg/100ft
MULTITRACK,192.37267561440382,193.08460966605426,0.7119340516504451,4 tracks
BRIDGE,192.42503514278135,192.57507565186754,0.15004050908618183,
TUNNEL,192.64857585662423,193.00808646642574,0.35951060980150373,
RUN CURVE,192.68822196212253,192.9532987979888,0.27,R avg +0.88 max 0.89 deg/100ft
RUN CURVE,193.08460966605426,193.3195154823584,0.23,R avg +1.53 max 5.74 deg/100ft
RUN STRAIGHT,193.3195154823584,193.49646417553095,0.18,
RUN CURVE,193.49646417553095,194.01488221291746,0.52,L avg -2.11 max 4.26 deg/100ft
MULTITRACK,193.9216099538671,194.40805434850685,0.4864443946397614,4 tracks
RUN CURVE,194.40805434850685,194.74592325705072,0.34,R avg +0.65 max 2.32 deg/100ft
RUN CURVE,194.95551942936353,195.10773211760505,0.15,L avg -0.74 max 0.98 deg/100ft
MULTITRACK,195.23461913638727,198.16428351668694,2.92966438029967,6 tracks
RUN CURVE,195.79830382765638,196.3602473234268,0.56,L avg -3.06 max 9.87 deg/100ft
RUN STRAIGHT,196.3602473234268,196.62723047519768,0.27,
BRIDGE,196.55518163496885,196.67563117981737,0.1204495448485261,
RUN CURVE,196.62723047519768,197.32402219732813,0.7,R avg +0.94 max 3.65 deg/100ft
RUN STRAIGHT,197.49233089909134,198.0525386546277,0.56,
RUN CURVE,198.0525386546277,200.178764465573,2.13,R avg +0.73 max 12.51 deg/100ft
RUN CURVE,200.2129087866319,200.7441599098934,0.53,L avg -2.01 max 5.04 deg/100ft
RUN CURVE,200.81930763257364,201.19428022388755,0.37,L avg -3.33 max 5.53 deg/100ft
RUN CURVE,201.2909056251081,203.20772567631428,1.92,R avg +0.19 max 6.73 deg/100ft
RUN CURVE,203.26829214652344,203.51859160106443,0.25,R avg +1.54 max 3.32 deg/100ft
MULTITRACK,203.66394761054522,209.49172839022458,5.827780779679358,12 tracks
RUN CURVE,203.70291394493879,203.9255192781706,0.22,L avg -0.10 max 2.46 deg/100ft
RUN CURVE,203.99319170050708,204.15429261034743,0.16,R avg +0.19 max 0.19 deg/100ft
RUN CURVE,204.17063277615938,204.96029660984223,0.79,R avg +0.08 max 5.84 deg/100ft
RUN CURVE,204.98891292227063,205.1416408139433,0.15,R avg +0.28 max 0.28 deg/100ft
RUN STRAIGHT,205.1416408139433,205.46183184278513,0.32,
RUN CURVE,205.46183184278513,206.15282633222083,0.69,R avg +1.27 max 4.62 deg/100ft
STATION,205.84057635703184,205.84057635703184,0.0,Boston Bar
RUN STRAIGHT,206.15282633222083,206.70657701621928,0.55,
YARD,206.79177402903352,208.25983661012458,1.4680625810910612,14 tracks
RUN CURVE,206.82414110147073,207.10013565389795,0.28,L avg -1.31 max 2.52 deg/100ft
RUN STRAIGHT,207.10013565389795,207.64976787470994,0.55,
RUN STRAIGHT,207.77151454676613,208.04028102817483,0.27,
RUN STRAIGHT,208.13872473200456,208.4769576312121,0.34,
SIDING,208.13872473200456,208.13872473200456,2.457936425491491,Passing Track North  8064 ft
RUN CURVE,208.7202924057455,209.21085989503914,0.49,L avg -0.23 max 2.00 deg/100ft
RUN CURVE,209.28468563296417,209.69487052537352,0.41,L avg -0.94 max 2.62 deg/100ft
RUN STRAIGHT,209.69487052537352,209.89775812238074,0.2,
RUN CURVE,209.89775812238074,210.69829023986844,0.8,L avg -0.77 max 7.87 deg/100ft
RUN CURVE,210.73709894253028,210.99736397869324,0.26,L avg -4.80 max 9.21 deg/100ft
RUN CURVE,211.41836540727158,211.80976002377187,0.39,L avg -1.40 max 3.92 deg/100ft
RUN CURVE,212.28251098451813,212.60941236225503,0.33,L avg -0.09 max 0.71 deg/100ft
RUN CURVE,212.69402554027235,212.8729444099465,0.18,L avg -0.69 max 3.25 deg/100ft
RUN CURVE,212.9030409721424,213.16474306240582,0.26,L avg -1.87 max 8.13 deg/100ft
RUN STRAIGHT,213.24602456219324,213.52329133894563,0.28,
RUN CURVE,213.6303891322805,214.389685920753,0.76,L avg -0.44 max 2.24 deg/100ft
MULTITRACK,214.2798416000414,216.84240864481782,2.562567044776415,2 tracks
RUN CURVE,214.43352338392387,214.73695793927746,0.3,L avg -0.27 max 2.03 deg/100ft
RUN CURVE,214.85111830207083,215.309851719944,0.46,L avg -0.40 max 0.40 deg/100ft
RUN STRAIGHT,215.309851719944,215.47143458507554,0.16,
RUN CURVE,215.47143458507554,216.13130128018253,0.66,L avg -0.72 max 1.41 deg/100ft
RUN CURVE,216.15996836876002,216.34117468543826,0.18,R avg +3.40 max 4.48 deg/100ft
SIDING,216.15996836876002,216.15996836876002,2.342955663233025,Siding Chaumox  7687 ft
RUN CURVE,216.36525416393943,216.533177380032,0.17,L avg -3.30 max 4.66 deg/100ft
RUN CURVE,216.5556460650912,216.77982744226523,0.22,L avg -0.23 max 1.71 deg/100ft
RUN CURVE,216.84240864481782,217.73952249102612,0.9,R avg +1.05 max 5.33 deg/100ft
BRIDGE,217.69263817273935,217.76064197918697,0.06800380644762072,
RUN CURVE,217.76064197918697,218.3971339971674,0.64,L avg -0.48 max 5.18 deg/100ft
RUN CURVE,218.49737421528366,218.93718286712814,0.44,R avg +0.67 max 5.48 deg/100ft
RUN CURVE,218.9758866528892,219.2526901669692,0.28,R avg +0.76 max 8.14 deg/100ft
RUN CURVE,219.28955308727825,219.6461514448678,0.36,R avg +2.97 max 8.79 deg/100ft
MULTITRACK,219.28955308727825,219.73417860094278,0.4446255136645334,2 tracks
BRIDGE,219.37490161081925,219.58290767157942,0.20800606076016948,
RUN CURVE,219.67945301000688,220.32942683223695,0.65,R avg +0.90 max 11.11 deg/100ft
RUN CURVE,220.41401246671188,221.20813463339064,0.79,L avg -0.16 max 11.61 deg/100ft
RUN CURVE,221.43490345865433,223.4721243540888,2.04,L avg -0.16 max 5.87 deg/100ft
MULTITRACK,222.53622509924602,225.40867783042845,2.8724527311824204,4 tracks
RUN STRAIGHT,223.4721243540888,223.66051556516163,0.19,
RUN CURVE,223.66051556516163,224.13535221297485,0.47,L avg -0.36 max 0.96 deg/100ft
SIDING,223.66051556516163,223.66051556516163,1.7593075462308412,Siding Keefers  5772 ft
RUN STRAIGHT,224.32800405434887,224.4999440636594,0.17,
RUN STRAIGHT,224.5703849533017,225.2384098847534,0.67,
RUN CURVE,225.2384098847534,226.781784689776,1.54,L avg -0.19 max 11.63 deg/100ft
RUN CURVE,226.89547485278513,229.44614144245267,2.55,L avg -0.08 max 6.59 deg/100ft
RUN CURVE,229.4917411516117,229.8651380135508,0.37,R avg +2.26 max 3.89 deg/100ft
RUN STRAIGHT,229.8651380135508,230.02724537352648,0.16,
RUN STRAIGHT,230.14781844482852,230.3004861349915,0.15,
RUN CURVE,230.3004861349915,230.78000674456558,0.48,R avg +0.16 max 3.59 deg/100ft
RUN CURVE,230.86045218865146,231.12965550782948,0.27,L avg -1.69 max 2.47 deg/100ft
RUN CURVE,231.2115999081821,231.36437702565325,0.15,L avg -1.37 max 1.70 deg/100ft
RUN CURVE,231.45201056553586,232.74216248529348,1.29,R avg +0.20 max 6.26 deg/100ft
MULTITRACK,231.68378863169346,232.03952650382448,0.3557378721310158,3 tracks
BRIDGE,231.76887291240044,231.98375509367122,0.21488218127078085,
RUN STRAIGHT,232.74216248529348,232.95015030756204,0.21,
RUN CURVE,232.95015030756204,233.23293653820156,0.28,L avg -0.80 max 1.34 deg/100ft
RUN CURVE,233.32189382739642,233.9324147727391,0.61,R avg +0.87 max 5.07 deg/100ft
RUN STRAIGHT,233.9324147727391,234.1623587519552,0.23,
RUN STRAIGHT,234.24027516476994,234.4681065980136,0.23,
MULTITRACK,234.3525137687947,237.23375404250393,2.8812402737092384,4 tracks
RUN CURVE,234.4681065980136,234.6214708332192,0.15,L avg -0.01 max 0.63 deg/100ft
BRIDGE,234.4681065980136,234.56124596015442,0.09313936214081764,
RUN CURVE,234.97044146154647,235.17384021746332,0.2,L avg -0.76 max 4.71 deg/100ft
RUN CURVE,235.65606287155978,236.11620811038992,0.46,R avg +1.80 max 5.10 deg/100ft
SIDING,235.86574506624333,235.86574506624333,2.2918928847354327,Siding Kanaka  7519 ft
RUN CURVE,236.5324378884224,236.79709924893982,0.26,L avg -2.79 max 8.23 deg/100ft
RUN CURVE,236.82720847593598,238.11837107008998,1.29,L avg -2.11 max 12.59 deg/100ft
MULTITRACK,237.50961033965856,238.0667841074417,0.5571737677831266,4 tracks
RUN CURVE,238.39436696761638,240.06179762849584,1.67,R avg +0.57 max 7.24 deg/100ft
MULTITRACK,239.72824063025095,240.61009792949125,0.8818572992402949,4 tracks
TUNNEL,239.84500051877575,240.067435323851,0.22243480507523827,
BRIDGE,240.06179762849584,240.27790442381573,0.21610679531988808,
RUN CURVE,240.067435323851,240.22744109644267,0.16,R avg +0.51 max 0.51 deg/100ft
BRIDGE,240.3804209427101,240.49392065494382,0.11349971223373245,
RUN CURVE,240.6853564649891,240.85119642518708,0.17,L avg -1.92 max 4.45 deg/100ft
RUN CURVE,240.89890051655416,241.09886191962917,0.2,R avg +3.19 max 4.91 deg/100ft
RUN STRAIGHT,241.09886191962917,241.31169702249449,0.21,
RUN CURVE,241.41253608479616,243.43073768241746,2.02,R avg +0.24 max 7.12 deg/100ft
RUN CURVE,243.65834827332122,246.18192850868758,2.52,L avg -0.21 max 6.59 deg/100ft
RUN CURVE,246.24477027969027,247.2879250718537,1.04,R avg +0.59 max 3.74 deg/100ft
RUN STRAIGHT,247.2879250718537,247.46424963737326,0.18,
RUN CURVE,247.46424963737326,248.08669390082238,0.62,R avg +0.46 max 8.52 deg/100ft
MULTITRACK,247.9424983921965,250.64099789278845,2.698499500591936,6 tracks
RUN CURVE,248.22649525606758,248.72506103232593,0.5,L avg -1.90 max 5.77 deg/100ft
SIDING,248.72506103232593,248.72506103232593,1.2518019105755234,Siding Lytton  4107 ft
RUN CURVE,249.0096718314218,249.2555923310443,0.25,R avg +3.01 max 5.58 deg/100ft
YARD,249.0096718314218,249.52974304090134,0.5200712094795392,9 tracks
RUN STRAIGHT,249.2555923310443,249.45199930879144,0.2,
SIDING,249.2555923310443,249.2555923310443,0.039058937463839025,Siding Lytton  128 ft
RUN STRAIGHT,249.52974304090134,250.2058929333807,0.68,
SIDING,249.52974304090134,249.52974304090134,0.2874300390203534,Siding Lytton  943 ft
RUN CURVE,250.2058929333807,250.39379337217204,0.19,L avg -0.90 max 0.90 deg/100ft
SIDING,250.2058929333807,250.2058929333807,0.847471122189883,Siding Lytton  2780 ft
SIDING,250.2058929333807,250.2058929333807,0.8466812861834622,Siding Lytton  2778 ft
SIDING,250.50001916374134,250.50001916374134,0.10235365314164813,Siding Lytton  336 ft
RUN CURVE,250.64099789278845,251.90842984422258,1.27,R avg +0.82 max 4.81 deg/100ft
RUN STRAIGHT,252.08714072982977,252.39321196927057,0.31,
RUN CURVE,252.39321196927057,252.6124084491323,0.22,R avg +0.60 max 2.20 deg/100ft
RUN STRAIGHT,252.6124084491323,252.8070592571962,0.19,
RUN CURVE,252.8070592571962,253.2768607369458,0.47,L avg -2.15 max 6.49 deg/100ft
RUN CURVE,253.31384574552635,253.8115525719162,0.5,L avg -1.92 max 3.59 deg/100ft
RUN CURVE,253.84702550085123,254.07083259180536,0.22,R avg +1.20 max 1.20 deg/100ft
RUN CURVE,254.13999541265397,254.54605049219097,0.41,R avg +0.58 max 6.60 deg/100ft
RUN CURVE,254.82073545537472,255.51374130543877,0.69,R avg +1.61 max 6.93 deg/100ft
RUN STRAIGHT,255.51374130543877,255.71064440575316,0.2,
RUN CURVE,255.71064440575316,256.3186570257895,0.61,R avg +2.17 max 7.70 deg/100ft
RUN CURVE,256.4768194128771,257.08265053377113,0.61,L avg -2.59 max 5.64 deg/100ft
RUN STRAIGHT,257.08265053377113,257.2804337922355,0.2,
MULTITRACK,257.178007041014,258.4267523929809,1.2487453519669316,4 tracks
RUN CURVE,257.3937479330854,257.6758023303255,0.28,L avg -1.70 max 2.71 deg/100ft
RUN STRAIGHT,257.6758023303255,258.2654590546965,0.59,
RUN CURVE,258.2654590546965,258.4267523929809,0.16,L avg -1.95 max 2.56 deg/100ft
RUN STRAIGHT,258.4267523929809,258.6239684231353,0.2,
RUN CURVE,258.6239684231353,259.0066767080648,0.38,L avg -7.54 max 12.70 deg/100ft
RUN STRAIGHT,259.0066767080648,259.2016592490521,0.19,
RUN CURVE,259.2016592490521,260.30121029571075,1.1,L avg -3.74 max 11.63 deg/100ft
RUN CURVE,260.33832192795626,261.0494470487924,0.71,R avg +4.60 max 9.97 deg/100ft
RUN CURVE,261.09432977021356,261.27969385594844,0.19,L avg -0.07 max 3.64 deg/100ft
RUN CURVE,261.34783709536975,262.7057366034267,1.36,R avg +0.67 max 12.56 deg/100ft
MULTITRACK,262.6308512529047,263.03134979345947,0.4004985405547927,4 tracks
RUN CURVE,262.7645231658368,265.3110344040202,2.55,L avg -0.29 max 5.65 deg/100ft
RUN STRAIGHT,265.3110344040202,265.4794079750711,0.17,
RUN CURVE,265.4794079750711,266.4271818997228,0.95,L avg -2.43 max 6.44 deg/100ft
MULTITRACK,266.3621147694962,266.722900081638,0.3607853121417861,4 tracks
BRIDGE,266.4271818997228,266.5036153809113,0.0764334811884737,
RUN CURVE,266.843988378391,267.21446992693376,0.37,L avg -1.38 max 1.97 deg/100ft
RUN CURVE,267.25520030807087,267.4226734372942,0.17,L avg -1.45 max 1.45 deg/100ft
RUN CURVE,267.92529014716905,269.61899745331203,1.69,R avg +0.51 max 11.16 deg/100ft
MULTITRACK,268.35299311919107,269.02171590828294,0.6687227890918734,4 tracks
BRIDGE,268.4434581407488,268.5829349445363,0.13947680378748828,
RUN CURVE,269.72148053812685,270.18275217447433,0.46,L avg -2.07 max 5.79 deg/100ft
RUN STRAIGHT,270.18275217447433,271.081284857627,0.9,
RUN CURVE,271.081284857627,271.7559750537132,0.67,R avg +0.91 max 8.84 deg/100ft
RUN CURVE,271.8313893534711,273.0837581878909,1.25,L avg -0.80 max 5.31 deg/100ft
RUN STRAIGHT,273.0837581878909,273.32247696186636,0.24,
RUN CURVE,273.32247696186636,273.6558332756826,0.33,L avg -1.25 max 2.44 deg/100ft
RUN CURVE,273.71436335018694,274.25798657459757,0.54,L avg -0.04 max 9.16 deg/100ft
RUN CURVE,274.4621664533144,274.86075297670965,0.4,R avg +2.87 max 10.72 deg/100ft
RUN STRAIGHT,274.86075297670965,275.1120751147437,0.25,
RUN CURVE,275.1120751147437,275.6243094947803,0.51,R avg +1.07 max 3.82 deg/100ft
RUN STRAIGHT,275.7238727689673,275.96333501416626,0.24,
RUN CURVE,275.96333501416626,276.2728426973685,0.31,L avg -3.57 max 6.09 deg/100ft
RUN STRAIGHT,276.2728426973685,276.59696073906935,0.32,
RUN CURVE,276.59696073906935,276.7711425844207,0.17,L avg -4.17 max 7.20 deg/100ft
RUN CURVE,276.83384355425324,278.68154072204885,1.85,R avg +0.19 max 8.17 deg/100ft
RUN STRAIGHT,278.68154072204885,278.9072617817574,0.23,
RUN CURVE,279.06005163296635,282.1474443549662,3.09,R avg +0.77 max 11.86 deg/100ft
RUN CURVE,282.3148978005271,283.00202879049914,0.69,R avg +1.47 max 8.75 deg/100ft
RUN CURVE,283.04086976787,284.16310249059495,1.12,R avg +0.71 max 10.84 deg/100ft
RUN CURVE,284.33500487577135,284.59663888896824,0.26,L avg -1.07 max 4.16 deg/100ft
RUN CURVE,284.6592214371026,285.3408011289804,0.68,R avg +0.93 max 5.21 deg/100ft
RUN STRAIGHT,285.3408011289804,285.6360953313932,0.3,
RUN CURVE,285.6360953313932,286.0362720115857,0.4,R avg +1.43 max 1.84 deg/100ft
RUN STRAIGHT,286.0362720115857,286.5941586361322,0.56,
RUN CURVE,286.75686813459384,288.13942230248847,1.38,L avg -0.90 max 3.79 deg/100ft
RUN STRAIGHT,288.13942230248847,289.1782896461244,1.04,
BRIDGE,288.26111215137496,288.367771356372,0.10665920499701542,
RUN CURVE,289.1782896461244,290.3034978919785,1.13,L avg -1.50 max 2.50 deg/100ft
RUN CURVE,290.3965188770642,291.46712176490007,1.07,R avg +2.75 max 9.34 deg/100ft
RUN CURVE,291.50418964426524,291.8719232321693,0.37,L avg -1.52 max 3.37 deg/100ft
RUN CURVE,291.92201320857714,292.67123923565526,0.75,L avg -1.60 max 7.47 deg/100ft
MULTITRACK,291.97299145056763,292.5774035508007,0.6044121002330485,2 tracks
RUN CURVE,292.70109253630295,293.40913161385765,0.71,R avg +1.99 max 4.28 deg/100ft
RUN CURVE,293.4465226507208,293.69026208359327,0.24,L avg -4.09 max 6.94 deg/100ft
RUN STRAIGHT,293.69026208359327,293.9803945390776,0.29,
RUN CURVE,293.9803945390776,294.3958149394183,0.42,L avg -2.97 max 5.20 deg/100ft
RUN CURVE,294.5105715561236,295.201722985959,0.69,R avg +2.16 max 5.88 deg/100ft
RUN CURVE,295.59187709219054,296.78979784360473,1.2,R avg +2.65 max 7.51 deg/100ft
RUN CURVE,296.81873057142275,297.1761650808778,0.36,L avg -4.60 max 7.50 deg/100ft
RUN STRAIGHT,297.1761650808778,297.3741164655437,0.2,
RUN CURVE,297.3741164655437,298.3638872833337,0.99,R avg +0.52 max 10.54 deg/100ft
MULTITRACK,297.9445788550489,298.31485686525485,0.3702780102059364,4 tracks
RUN CURVE,298.4210958087494,299.66620840984245,1.25,L avg -1.41 max 7.00 deg/100ft
RUN STRAIGHT,299.66620840984245,300.44017954946804,0.77,
RUN CURVE,300.44017954946804,300.7502792329121,0.31,R avg +2.75 max 3.85 deg/100ft
RUN CURVE,300.82139451010096,301.0961118167901,0.27,L avg -0.59 max 0.59 deg/100ft
RUN CURVE,301.1754459346647,301.64061290162584,0.47,R avg +1.41 max 4.26 deg/100ft
RUN STRAIGHT,301.768534762673,302.0292701231885,0.26,
MULTITRACK,301.952855806158,302.3722610323044,0.41940522614635256,3 tracks
RUN CURVE,302.0292701231885,302.5498250754994,0.52,L avg -0.16 max 1.43 deg/100ft
RUN CURVE,302.5827466881574,302.74898099964196,0.17,R avg +2.52 max 3.84 deg/100ft
RUN CURVE,302.82956996047625,303.18108761999554,0.35,L avg -2.23 max 5.33 deg/100ft
RUN CURVE,303.21754262982705,303.92424925836605,0.71,R avg +0.43 max 4.04 deg/100ft
RUN STRAIGHT,303.92424925836605,304.12368203731063,0.2,
RUN CURVE,304.12368203731063,304.31260954006376,0.19,L avg -0.30 max 0.30 deg/100ft
RUN STRAIGHT,304.31260954006376,305.2914477470417,0.98,
RUN CURVE,305.3853377992561,305.62445490714094,0.24,L avg -0.52 max 0.52 deg/100ft
RUN STRAIGHT,305.62445490714094,305.8029642523783,0.18,
RUN CURVE,305.8029642523783,306.24606145235515,0.44,R avg +1.19 max 6.97 deg/100ft
RUN CURVE,306.5413217089304,307.2251515850492,0.68,L avg -2.66 max 7.13 deg/100ft
RUN STRAIGHT,307.2251515850492,307.53101226000547,0.31,
RUN CURVE,307.53101226000547,309.76644077457996,2.24,R avg +0.30 max 6.68 deg/100ft
RUN CURVE,309.79235985648916,310.0484197258338,0.26,L avg -1.73 max 6.29 deg/100ft
RUN CURVE,310.14189503997176,310.29579848517346,0.15,L avg -3.82 max 9.46 deg/100ft
RUN CURVE,310.3317628574537,310.9027028802231,0.57,R avg +1.54 max 11.46 deg/100ft
MULTITRACK,310.8596561274919,314.9096799738884,4.050023846396471,4 tracks
RUN CURVE,310.94010017390747,311.2159902167933,0.28,R avg +6.07 max 10.19 deg/100ft
RUN STRAIGHT,311.2159902167933,311.9714918270607,0.76,
RUN CURVE,311.9714918270607,312.60915817661146,0.64,L avg -2.09 max 3.25 deg/100ft
RUN STRAIGHT,312.7549544464789,313.4654100385427,0.71,
RUN CURVE,313.4654100385427,313.65407805131713,0.19,R avg +3.34 max 3.55 deg/100ft
RUN STRAIGHT,313.65407805131713,313.94986243512926,0.3,
RUN CURVE,313.94986243512926,314.54192647155816,0.59,L avg -0.41 max 5.69 deg/100ft
RUN STRAIGHT,314.54192647155816,314.7961944317556,0.25,
RUN CURVE,314.7961944317556,314.9499552826038,0.15,R avg +2.15 max 4.08 deg/100ft
RUN CURVE,314.98778456610256,315.2526987603551,0.26,R avg +2.82 max 8.14 deg/100ft
RUN CURVE,315.28710615358665,315.43719580913364,0.15,L avg -0.56 max 3.50 deg/100ft
RUN CURVE,315.53323234799404,315.85756368348007,0.32,L avg -2.02 max 6.29 deg/100ft
RUN CURVE,315.9326587902059,316.14612378577215,0.21,R avg +0.80 max 5.74 deg/100ft
RUN CURVE,316.31743948599717,317.1501060397215,0.83,L avg -0.52 max 2.18 deg/100ft
RUN STRAIGHT,317.1501060397215,317.31110469488107,0.16,
RUN CURVE,317.31110469488107,317.6237005537133,0.31,L avg -3.77 max 7.90 deg/100ft
RUN CURVE,317.62834256061575,318.60465612993346,0.98,R avg +3.22 max 10.62 deg/100ft
MULTITRACK,317.7413531832359,318.1732171878655,0.4318640046295741,3 tracks
TUNNEL,317.8447049657093,318.1205634542032,0.2758584884938955,
RUN STRAIGHT,318.60465612993346,318.9901915942032,0.39,
RUN CURVE,318.9901915942032,320.99061195304785,2.0,L avg -1.99 max 6.39 deg/100ft
RUN CURVE,321.1388100985935,321.3340507333394,0.2,L avg -4.79 max 7.24 deg/100ft
RUN STRAIGHT,321.3340507333394,321.52736968640113,0.19,
RUN CURVE,321.68761930069337,322.80596134445443,1.12,R avg +2.69 max 9.21 deg/100ft
RUN CURVE,322.9284321922186,324.4682720248495,1.54,L avg -0.61 max 9.36 deg/100ft
RUN CURVE,324.4942584745722,325.3188978319934,0.82,L avg -0.81 max 2.50 deg/100ft
RUN STRAIGHT,325.3188978319934,326.7790743596752,1.46,
STATION,327.1785821181483,327.1785821181483,0.0,Ashcroft
RUN CURVE,327.3614491680068,329.0960095601405,1.73,L avg -1.14 max 4.58 deg/100ft
RUN CURVE,329.13587522165886,329.32057963180904,0.18,L avg -2.51 max 4.21 deg/100ft
RUN CURVE,329.357240490411,329.7579781408516,0.4,R avg +3.24 max 4.34 deg/100ft
RUN STRAIGHT,329.9113508855836,330.11965424699343,0.21,
RUN CURVE,330.11965424699343,330.82916917923757,0.71,R avg +1.93 max 3.68 deg/100ft
RUN STRAIGHT,330.82916917923757,331.44590875017053,0.62,
RUN CURVE,331.62394784576463,332.3043962740324,0.68,L avg -0.13 max 3.21 deg/100ft
RUN CURVE,332.5614222503388,333.0779401186484,0.52,L avg -2.01 max 5.70 deg/100ft
RUN CURVE,333.185136450419,333.38798724739763,0.2,R avg +3.03 max 3.29 deg/100ft
RUN STRAIGHT,333.38798724739763,333.76523332565995,0.38,
RUN CURVE,333.76523332565995,334.2094274102758,0.44,R avg +1.15 max 3.30 deg/100ft
RUN STRAIGHT,334.52480032808484,334.72040377437844,0.2,
RUN CURVE,334.72040377437844,335.2895429233935,0.57,L avg -0.29 max 1.98 deg/100ft
RUN CURVE,335.4068996400146,336.9634987661624,1.56,R avg +0.88 max 2.52 deg/100ft
RUN STRAIGHT,336.9634987661624,337.1601502879163,0.2,
RUN CURVE,337.1601502879163,338.1252757873544,0.97,L avg -0.26 max 7.25 deg/100ft
RUN CURVE,338.23305437601925,338.44362902573386,0.21,L avg -2.48 max 4.84 deg/100ft
RUN CURVE,338.4828683553439,339.1820624973548,0.7,L avg -0.25 max 7.04 deg/100ft
RUN CURVE,339.2178584971695,339.8062645070631,0.59,R avg +2.02 max 4.15 deg/100ft
RUN CURVE,339.9488997995315,340.1120258471356,0.16,L avg -1.27 max 2.16 deg/100ft
RUN STRAIGHT,340.1120258471356,341.12064469383984,1.01,
RUN CURVE,341.12064469383984,341.3290742874318,0.21,R avg +2.67 max 5.00 deg/100ft
RUN STRAIGHT,341.3290742874318,341.48844698496924,0.16,
RUN CURVE,341.48844698496924,341.6819072288427,0.19,R avg +0.51 max 4.34 deg/100ft
RUN CURVE,341.71398627196857,341.8929163849129,0.18,R avg +1.33 max 1.33 deg/100ft
RUN STRAIGHT,341.8929163849129,342.5193109459274,0.63,
RUN CURVE,342.5193109459274,342.95307365791774,0.43,R avg +2.20 max 3.74 deg/100ft
RUN STRAIGHT,342.95307365791774,343.14361618813734,0.19,
RUN CURVE,343.14361618813734,343.3718836655447,0.23,R avg +2.88 max 4.81 deg/100ft
RUN CURVE,343.44116447648696,343.8941558982856,0.45,L avg -0.98 max 6.13 deg/100ft
RUN CURVE,344.54403657287645,344.6984097286884,0.15,R avg +1.94 max 5.94 deg/100ft
RUN CURVE,344.73042685975014,345.1436536338357,0.41,L avg -0.78 max 4.34 deg/100ft
RUN CURVE,345.36709525101423,346.9491876754048,1.58,L avg -0.79 max 6.49 deg/100ft
RUN CURVE,347.0774520557338,347.66511449834053,0.59,L avg -0.67 max 1.40 deg/100ft
RUN STRAIGHT,347.66511449834053,348.3145232290357,0.65,
RUN CURVE,348.3145232290357,348.61960954715704,0.31,R avg +0.55 max 0.81 deg/100ft
RUN CURVE,348.63873357640983,349.0292379362546,0.39,R avg +0.49 max 0.54 deg/100ft
RUN CURVE,349.12391670324934,349.3530807830707,0.23,R avg +0.68 max 0.68 deg/100ft
RUN STRAIGHT,349.3530807830707,349.52940048587254,0.18,
RUN CURVE,349.52940048587254,350.0227843367593,0.49,L avg -2.11 max 3.65 deg/100ft
MULTITRACK,349.9321509666325,351.8672141657193,1.9350631990868123,6 tracks
RUN STRAIGHT,350.0227843367593,350.43408998542833,0.41,
RUN CURVE,350.43408998542833,350.62848037505427,0.19,R avg +1.65 max 2.27 deg/100ft
RUN STRAIGHT,350.62848037505427,351.13043719157054,0.5,
RUN STRAIGHT,351.3280436933569,351.7946235902921,0.47,
RUN CURVE,351.7946235902921,351.9568811992606,0.16,R avg +4.24 max 5.10 deg/100ft
RUN STRAIGHT,352.0769436484265,352.3388000629793,0.26,
RUN CURVE,352.3388000629793,352.55062979138904,0.21,L avg -0.56 max 0.56 deg/100ft
RUN STRAIGHT,352.768618710191,353.3943367511593,0.63,
RUN STRAIGHT,353.4498553780567,354.67069819953304,1.22,
RUN CURVE,354.67069819953304,354.90418937897863,0.23,L avg -1.49 max 1.84 deg/100ft
RUN CURVE,355.16665744822126,355.49269997894027,0.33,R avg +0.36 max 0.36 deg/100ft
RUN STRAIGHT,355.49269997894027,355.65563326087903,0.16,
RUN CURVE,355.82978656428674,357.14942132415223,1.32,L avg -0.73 max 1.64 deg/100ft
RUN STRAIGHT,357.3575391402235,357.5158504053486,0.16,
RUN CURVE,357.5158504053486,357.7721679872955,0.26,L avg -0.62 max 0.62 deg/100ft
RUN STRAIGHT,357.7721679872955,358.0862208385731,0.31,
RUN CURVE,358.0862208385731,358.3471396293651,0.26,L avg -1.32 max 2.03 deg/100ft
RUN CURVE,358.48435635305117,358.6370065692563,0.15,R avg +0.31 max 1.60 deg/100ft
RUN CURVE,358.7474981521614,358.9435171155313,0.2,L avg -0.83 max 0.83 deg/100ft
RUN STRAIGHT,358.9435171155313,359.20610135313495,0.26,
RUN STRAIGHT,359.43462898819007,359.6882725160471,0.25,
RUN CURVE,359.6882725160471,359.9856309598384,0.3,L avg -1.28 max 3.15 deg/100ft
RUN CURVE,360.02134786882567,360.2237386853487,0.2,L avg -1.28 max 4.14 deg/100ft
RUN STRAIGHT,360.4166596572854,360.59863082768953,0.18,
RUN STRAIGHT,360.724243961592,360.98011441821643,0.26,
RUN CURVE,360.98011441821643,361.16169606085293,0.18,R avg +2.64 max 2.94 deg/100ft
RUN CURVE,361.1998279241223,361.43786345032277,0.24,L avg -0.64 max 1.77 deg/100ft
RUN CURVE,361.7661647204657,361.9808118839491,0.21,L avg -1.32 max 2.42 deg/100ft
RUN STRAIGHT,361.9808118839491,363.3218365668458,1.34,
RUN STRAIGHT,363.3701164690857,364.07426972750096,0.7,
RUN STRAIGHT,364.31538343312064,364.86815403550924,0.55,
RUN CURVE,365.1527284546592,365.6363245102454,0.48,L avg -1.40 max 2.42 deg/100ft
RUN CURVE,365.94192124125124,366.47362513829484,0.53,R avg +3.19 max 8.04 deg/100ft
RUN CURVE,366.5235697052795,367.107886698035,0.58,L avg -2.47 max 4.27 deg/100ft
RUN STRAIGHT,367.107886698035,367.4637051995054,0.36,
RUN STRAIGHT,367.6247510985424,367.79639493678707,0.17,
RUN STRAIGHT,367.94237436258373,368.1750177016269,0.23,
RUN CURVE,368.1750177016269,368.533371420918,0.36,L avg -2.27 max 3.88 deg/100ft
RUN CURVE,368.60910067008695,368.7853560595238,0.18,R avg +1.48 max 2.39 deg/100ft
RUN CURVE,368.8542811357866,369.15522014584303,0.3,R avg +2.57 max 5.59 deg/100ft
RUN CURVE,369.3626047520346,369.67434031729437,0.31,R avg +2.50 max 8.69 deg/100ft
RUN CURVE,369.7457395963137,369.99516322285706,0.25,R avg +5.33 max 7.20 deg/100ft
RUN STRAIGHT,369.99516322285706,370.147562263201,0.15,
RUN CURVE,370.147562263201,370.51545560662265,0.37,R avg +1.24 max 4.43 deg/100ft
RUN CURVE,370.6211974973597,370.93950628886495,0.32,R avg +0.10 max 0.40 deg/100ft
RUN STRAIGHT,371.14901773322794,371.5114911282995,0.36,
RUN STRAIGHT,371.67717504874554,371.8418908802206,0.16,
RUN STRAIGHT,371.88711574153365,372.0443682050797,0.16,
RUN CURVE,372.0443682050797,372.2009674069678,0.16,L avg -0.28 max 1.23 deg/100ft
RUN CURVE,372.2399988544488,372.4413291344418,0.2,R avg +4.84 max 7.83 deg/100ft
RUN STRAIGHT,372.4413291344418,372.7144297311365,0.27,
RUN CURVE,372.7144297311365,372.92374310278376,0.21,L avg -0.84 max 1.47 deg/100ft
RUN STRAIGHT,372.92374310278376,373.22187290962177,0.3,
RUN CURVE,373.22187290962177,373.6252991802177,0.4,R avg +0.46 max 1.87 deg/100ft
RUN CURVE,373.63761596629195,374.14388677373336,0.51,L avg -0.05 max 0.30 deg/100ft
RUN STRAIGHT,374.14388677373336,374.38819285481213,0.24,
RUN CURVE,374.38819285481213,374.8256149211128,0.44,R avg +0.84 max 2.95 deg/100ft
RUN CURVE,374.95488751340076,376.2681316040017,1.31,R avg +0.81 max 7.14 deg/100ft
RUN CURVE,376.30177269211055,376.78036386157737,0.48,L avg -0.52 max 3.49 deg/100ft
RUN CURVE,376.811333822117,376.97900466558895,0.17,R avg +1.24 max 1.68 deg/100ft
RUN CURVE,377.1497345216795,377.404140123809,0.25,R avg +1.98 max 7.77 deg/100ft
RUN CURVE,377.5647077568876,377.8575841704119,0.29,R avg +5.13 max 9.85 deg/100ft
RUN CURVE,378.0687398602879,378.2460955378425,0.18,R avg +1.80 max 4.71 deg/100ft
RUN CURVE,378.7049354286478,378.9803877264831,0.28,L avg -1.77 max 5.30 deg/100ft
RUN CURVE,379.09334166750097,379.30056148312707,0.21,L avg -0.48 max 0.48 deg/100ft
RUN STRAIGHT,379.30056148312707,379.5417034541848,0.24,
RUN STRAIGHT,379.87641689983997,380.312525925048,0.44,
MULTITRACK,380.1873057641217,381.12937055803496,0.9420647939132891,4 tracks
RUN CURVE,380.312525925048,380.46566661150007,0.15,R avg +1.90 max 4.19 deg/100ft
RUN STRAIGHT,380.46566661150007,380.68062082025915,0.21,
TUNNEL,380.63841410887943,381.0446104704562,0.40619636157674677,
RUN CURVE,380.8177642060154,380.99015093763717,0.17,L avg -3.74 max 7.75 deg/100ft
RUN CURVE,381.44456677701635,381.691880241557,0.25,R avg +6.32 max 16.29 deg/100ft
RUN STRAIGHT,381.691880241557,381.88254957913983,0.19,
MULTITRACK,381.7471121115477,382.6022809044691,0.855168792921404,3 tracks
TUNNEL,381.85554364528537,382.53464553604755,0.6791018907621833,
RUN CURVE,381.88254957913983,382.182757599348,0.3,R avg +2.45 max 4.99 deg/100ft
RUN CURVE,382.2814479502579,382.491369933653,0.21,L avg -1.20 max 1.20 deg/100ft
RUN STRAIGHT,382.6955677319295,383.0551947790878,0.36,
RUN CURVE,383.0551947790878,383.41571300256874,0.36,L avg -3.76 max 7.03 deg/100ft
RUN STRAIGHT,383.41571300256874,383.60972906826447,0.19,
RUN CURVE,384.2374471272587,384.44939504033783,0.21,L avg -0.68 max 0.76 deg/100ft
RUN STRAIGHT,384.8211985091795,385.29475183451785,0.47,
RUN STRAIGHT,385.695457521274,385.9577318729788,0.26,
RUN CURVE,386.1394108876451,386.8730859863808,0.73,L avg -2.74 max 10.95 deg/100ft
RUN CURVE,386.9130662459427,387.42938360663624,0.52,R avg +2.57 max 6.95 deg/100ft
RUN CURVE,387.465435734656,387.6349717468017,0.17,L avg -2.57 max 3.75 deg/100ft
RUN STRAIGHT,387.6349717468017,387.7850298610357,0.15,
RUN CURVE,387.7850298610357,388.4425103413549,0.66,R avg +1.83 max 10.99 deg/100ft
MULTITRACK,387.8813423987694,388.19522285149066,0.3138804527212642,3 tracks
MULTITRACK,388.30655892257175,421.1981761584176,32.89161723584584,28 tracks
RUN STRAIGHT,388.4425103413549,388.6619441652893,0.22,
RUN STRAIGHT,388.7021193378969,389.686190580518,0.98,
RUN STRAIGHT,389.8916388109859,390.8969770482177,1.01,
RUN STRAIGHT,390.9410324808293,391.894162922198,0.95,
RUN STRAIGHT,392.08302363099745,392.7009168725314,0.62,
RUN STRAIGHT,392.75236392449153,393.7000306765382,0.95,
RUN STRAIGHT,394.8181041140029,395.40950638912994,0.59,
RUN STRAIGHT,395.7047251010111,396.7119179073658,1.01,
YARD,395.73726576335264,398.3032460602718,2.5659802969191787,31 tracks
RUN STRAIGHT,396.86892597285953,397.09099484591076,0.22,
RUN STRAIGHT,397.15731091716737,397.87273932213844,0.72,
RUN STRAIGHT,397.9369455146428,398.9689060283565,1.03,
YARD,398.5519288816019,400.1460656431483,1.5941367615463946,11 tracks
RUN CURVE,398.9689060283565,399.16005860349486,0.19,L avg -0.05 max 0.31 deg/100ft
RUN STRAIGHT,399.2203253138282,399.7512712326795,0.53,
RUN STRAIGHT,399.8404855443672,401.72164904040966,1.88,
YARD,401.72164904040966,403.9680700016202,2.2464209612105606,31 tracks
RUN STRAIGHT,401.7711465599554,402.3361893405343,0.57,
BRIDGE,401.8997535541359,402.0413733433472,0.14161978921129048,
RUN CURVE,402.59160043323556,402.9329860063816,0.34,R avg +0.26 max 0.26 deg/100ft
RUN STRAIGHT,402.9329860063816,406.0293355266466,3.1,
STATION,402.9515294089389,402.9515294089389,0.0,Kamloops
BRIDGE,403.66370186012387,403.73494759527426,0.07124573515039856,
YARD,405.01728411912893,405.5080641235188,0.490780004389876,8 tracks
RUN STRAIGHT,406.17494691273083,415.5017757851359,9.33,
YARD,411.93423648825757,412.3867012954676,0.452464807210049,7 tracks
RUN STRAIGHT,415.5452263617359,416.0853094973377,0.54,
RUN STRAIGHT,416.17272141116814,417.20367119407933,1.03,
RUN STRAIGHT,417.2589120962571,424.60688845892633,7.35,
YARD,420.1933963403549,421.30227826973055,1.1088819293756274,11 tracks
MULTITRACK,421.331163810579,424.7509053096017,3.4197414990226775,11 tracks
YARD,421.49418700860696,424.0747042492061,2.5805172405991357,17 tracks
RUN STRAIGHT,424.7509053096017,426.02631161066444,1.28,
MULTITRACK,425.89327487952045,426.8788623677216,0.9855874882011335,3 tracks
RUN CURVE,426.02631161066444,426.78488272401904,0.76,R avg +0.01 max 4.78 deg/100ft
RUN STRAIGHT,426.92460313551845,427.2657851348209,0.34,
MULTITRACK,427.2657851348209,427.68578267488374,0.41999754006286594,3 tracks
RUN CURVE,427.3433545810131,427.68578267488374,0.34,L avg -0.80 max 1.53 deg/100ft
RUN STRAIGHT,427.68578267488374,427.94172479106425,0.26,
RUN CURVE,427.94172479106425,428.1275102549456,0.19,L avg -0.06 max 0.55 deg/100ft
RUN STRAIGHT,428.1275102549456,428.4485932274593,0.32,
RUN STRAIGHT,428.55552998202785,429.47428812012237,0.92,
RUN CURVE,429.6109312259165,429.9330935950303,0.32,R avg +2.43 max 5.46 deg/100ft
RUN STRAIGHT,429.9330935950303,430.5252560642441,0.59,
RUN CURVE,430.5252560642441,430.9036886147318,0.38,L avg -0.96 max 1.34 deg/100ft
RUN STRAIGHT,430.9036886147318,432.0500339581272,1.15,
RUN STRAIGHT,432.21293738150615,432.5392973608966,0.33,
RUN CURVE,432.5392973608966,434.966591463832,2.43,L avg -1.42 max 3.74 deg/100ft
RUN STRAIGHT,434.966591463832,435.3844157617506,0.42,
RUN CURVE,435.3844157617506,435.7213403049267,0.34,L avg -1.69 max 2.57 deg/100ft
RUN STRAIGHT,435.7213403049267,436.4290608838718,0.71,
RUN CURVE,436.4290608838718,436.6556098040635,0.23,L avg -0.28 max 0.82 deg/100ft
RUN STRAIGHT,436.6556098040635,436.88114982854637,0.23,
RUN STRAIGHT,436.9622195812555,437.9470070480636,0.98,
RUN CURVE,437.9470070480636,438.63755555030514,0.69,R avg +1.47 max 3.13 deg/100ft
RUN STRAIGHT,438.63755555030514,439.2103512306782,0.57,
RUN CURVE,439.2103512306782,439.8636955340354,0.65,L avg -1.33 max 1.98 deg/100ft
RUN STRAIGHT,439.8636955340354,442.4136133096819,2.55,
RUN CURVE,442.4136133096819,442.8938212591772,0.48,R avg +0.97 max 1.44 deg/100ft
RUN STRAIGHT,442.8938212591772,443.0891960625098,0.2,
RUN CURVE,443.0891960625098,443.82534634490156,0.74,L avg -1.06 max 1.73 deg/100ft
RUN CURVE,443.88196037248554,444.3905240620492,0.51,L avg -0.81 max 0.90 deg/100ft
RUN STRAIGHT,444.3905240620492,444.5860408295119,0.2,
RUN CURVE,444.5860408295119,445.00979637452275,0.42,R avg +2.07 max 2.80 deg/100ft
RUN STRAIGHT,445.00979637452275,446.4735154140422,1.46,
RUN STRAIGHT,446.6004883419455,446.7960247237017,0.2,
RUN CURVE,446.7960247237017,447.45005425844016,0.65,L avg -2.23 max 7.97 deg/100ft
RUN STRAIGHT,447.45005425844016,447.8386262305763,0.39,
RUN CURVE,447.8386262305763,449.3921082393977,1.55,R avg +1.53 max 8.19 deg/100ft
RUN STRAIGHT,449.3921082393977,449.60827580877014,0.22,
RUN STRAIGHT,449.6903896063169,450.33192395359106,0.64,
RUN CURVE,450.33192395359106,451.24135870224984,0.91,R avg +0.97 max 1.82 deg/100ft
RUN STRAIGHT,451.24135870224984,451.7246335911818,0.48,
RUN CURVE,451.7246335911818,452.077700457774,0.35,R avg +3.44 max 6.19 deg/100ft
RUN STRAIGHT,452.077700457774,452.51766635052604,0.44,
RUN CURVE,452.51766635052604,453.28491517325807,0.77,L avg -1.12 max 2.03 deg/100ft
RUN STRAIGHT,453.28491517325807,454.25412004895884,0.97,
RUN CURVE,454.25412004895884,454.8864086492331,0.63,L avg -0.76 max 0.87 deg/100ft
RUN STRAIGHT,454.8864086492331,458.94812807090483,4.06,
BRIDGE,459.0316143083031,459.1636926330921,0.13207832478900627,
RUN CURVE,459.1636926330921,459.7878914767474,0.62,R avg +2.41 max 3.62 deg/100ft
RUN STRAIGHT,459.7878914767474,460.58791181485765,0.8,
RUN CURVE,460.58791181485765,461.0308453871436,0.44,L avg -3.82 max 12.66 deg/100ft
RUN CURVE,461.1228576175429,461.94667569755006,0.82,R avg +2.22 max 5.05 deg/100ft
RUN CURVE,462.02221339274803,462.2620762448889,0.24,R avg +2.92 max 4.80 deg/100ft
RUN CURVE,462.3503846310103,463.1168177103591,0.77,L avg -0.23 max 6.45 deg/100ft
RUN CURVE,463.1845870325362,463.943991266287,0.76,L avg -1.61 max 10.46 deg/100ft
RUN STRAIGHT,463.943991266287,464.1357995117296,0.19,
RUN CURVE,464.1357995117296,464.65647304602186,0.52,R avg +1.37 max 3.41 deg/100ft
RUN CURVE,464.7458916366307,464.92449955222247,0.18,R avg +0.68 max 2.26 deg/100ft
RUN CURVE,465.04552645219854,465.428486475011,0.38,R avg +0.64 max 4.69 deg/100ft
RUN STRAIGHT,465.428486475011,465.7590699491456,0.33,
RUN CURVE,465.9588434983751,466.28274395562846,0.32,R avg +1.56 max 5.13 deg/100ft
MULTITRACK,466.84242889071686,469.59173661672145,2.749307726004588,2 tracks
RUN STRAIGHT,466.9640709873409,467.2917096177595,0.33,
RUN CURVE,467.5620306600012,467.9518998450371,0.39,R avg +0.65 max 1.48 deg/100ft
RUN STRAIGHT,467.9518998450371,468.6494461649552,0.7,
SIDING,468.04361814411465,468.04361814411465,2.4781673052167186,Chum Creek Siding  8130 ft
RUN STRAIGHT,468.99756769585764,469.4425434664438,0.44,
RUN STRAIGHT,469.522068948902,469.6917459240775,0.17,
RUN CURVE,469.84857737183427,470.21541381120255,0.37,L avg -3.68 max 6.03 deg/100ft
RUN STRAIGHT,470.52360989974915,470.72728036516975,0.2,
RUN CURVE,470.97253161509155,471.1998239021362,0.23,L avg -0.58 max 4.13 deg/100ft
RUN STRAIGHT,471.1998239021362,471.5356915451164,0.34,
RUN CURVE,472.2596250003994,472.44855225006756,0.19,L avg -4.15 max 6.11 deg/100ft
RUN CURVE,473.1858893905679,473.5726024285378,0.39,R avg +1.26 max 7.52 deg/100ft
RUN STRAIGHT,473.8666967060343,474.2503310619237,0.38,
RUN CURVE,474.2503310619237,474.4611913952271,0.21,L avg -3.59 max 7.77 deg/100ft
MULTITRACK,474.49741472184496,484.04847165371535,9.551056931870392,4 tracks
RUN CURVE,474.698382535897,474.97620208153506,0.28,L avg -0.42 max 0.42 deg/100ft
RUN STRAIGHT,475.25198001038746,475.44712623950215,0.2,
RUN STRAIGHT,475.51230544418814,475.70194704455895,0.19,
RUN CURVE,475.8917517731602,476.1583061151269,0.27,R avg +0.93 max 3.39 deg/100ft
RUN STRAIGHT,476.35899204755685,476.5265594538437,0.17,
RUN STRAIGHT,476.5994368951232,476.8279997613912,0.23,
RUN STRAIGHT,476.9644977775539,477.194670275557,0.23,
RUN CURVE,477.3100070206667,477.8724055199827,0.56,R avg +0.12 max 4.77 deg/100ft
RUN STRAIGHT,477.8724055199827,478.0575957411245,0.19,
RUN CURVE,478.0575957411245,478.290777496591,0.23,L avg -1.43 max 2.53 deg/100ft
RUN STRAIGHT,478.290777496591,478.50912339429703,0.22,
RUN CURVE,478.6961809631112,478.99062615821185,0.29,L avg -0.25 max 0.25 deg/100ft
RUN STRAIGHT,478.99062615821185,479.1513328763794,0.16,
RUN CURVE,479.1513328763794,479.5854997403836,0.43,L avg -1.36 max 2.38 deg/100ft
RUN CURVE,479.62437317109,479.96929428487624,0.34,L avg -1.25 max 1.73 deg/100ft
RUN STRAIGHT,479.96929428487624,480.3888037667038,0.42,
RUN CURVE,480.3888037667038,480.60919518841035,0.22,R avg +1.55 max 2.38 deg/100ft
RUN STRAIGHT,480.60919518841035,480.996760202999,0.39,
RUN CURVE,481.1141516876587,481.4208097872576,0.31,R avg +0.20 max 0.20 deg/100ft
RUN STRAIGHT,481.4208097872576,481.6864067557218,0.27,
RUN CURVE,481.6864067557218,482.02417401089866,0.34,L avg -0.01 max 0.33 deg/100ft
RUN STRAIGHT,482.02417401089866,483.51440956000374,1.49,
RUN CURVE,483.51440956000374,484.5520878694764,1.04,L avg -0.43 max 6.40 deg/100ft
RUN CURVE,484.6176725400295,484.8626905930376,0.25,L avg -2.79 max 4.60 deg/100ft
RUN CURVE,484.8981792897221,487.0745579651465,2.18,R avg +0.49 max 6.71 deg/100ft
RUN STRAIGHT,487.0745579651465,487.50620852565265,0.43,
RUN CURVE,487.6144255239001,487.9306692711684,0.32,L avg -5.60 max 8.20 deg/100ft
RUN CURVE,488.051610512544,488.9233744533657,0.87,R avg +1.83 max 2.89 deg/100ft
RUN STRAIGHT,488.9233744533657,489.217854009188,0.29,
RUN CURVE,489.217854009188,489.62154509217925,0.4,R avg +4.59 max 8.44 deg/100ft
MULTITRACK,489.3620223589474,494.0360995841706,4.674077225223186,4 tracks
RUN CURVE,489.641225852541,490.83270398063394,1.19,R avg +0.10 max 7.46 deg/100ft
RUN CURVE,490.9945616879071,493.12725962782633,2.13,R avg +0.50 max 8.31 deg/100ft
RUN STRAIGHT,493.12725962782633,493.63830317325727,0.51,
RUN CURVE,493.63830317325727,495.05470282081325,1.42,L avg -1.41 max 7.38 deg/100ft
MULTITRACK,494.4018750048576,497.99922747718387,3.5973524723262926,3 tracks
RUN CURVE,495.2824747661102,495.4402099006374,0.16,R avg +2.88 max 3.99 deg/100ft
RUN STRAIGHT,495.4402099006374,497.0440933335333,1.6,
RUN CURVE,497.1963082474491,497.38539172549605,0.19,L avg -3.79 max 5.78 deg/100ft
RUN STRAIGHT,497.38539172549605,497.86705379693586,0.48,
RUN CURVE,497.86705379693586,498.3961828272259,0.53,L avg -0.14 max 0.50 deg/100ft
RUN STRAIGHT,498.3961828272259,499.21317241603543,0.82,
RUN CURVE,499.21317241603543,499.63629729276283,0.42,L avg -1.98 max 2.91 deg/100ft
RUN STRAIGHT,499.63629729276283,500.7504785392927,1.11,
RUN CURVE,500.7504785392927,502.04382101231533,1.29,R avg +0.79 max 2.07 deg/100ft
RUN STRAIGHT,502.04382101231533,502.99953384968717,0.96,
RUN STRAIGHT,503.12519394552083,503.71793667725575,0.59,
RUN CURVE,503.71793667725575,505.0197303217229,1.3,L avg -1.43 max 2.57 deg/100ft
BRIDGE,504.9606533780814,505.0197303217229,0.05907694364145755,
RUN CURVE,505.09623518539354,505.564215851704,0.47,L avg -1.54 max 2.08 deg/100ft
RUN CURVE,505.59769784427334,506.61381493917776,1.02,L avg -1.29 max 2.04 deg/100ft
MULTITRACK,506.6557517172776,510.7092090093615,4.053457292083863,6 tracks
RUN STRAIGHT,506.7998061020562,507.1478143562768,0.35,
SIDING,506.8950272592054,506.8950272592054,0.3943772497523846,Salmon Arm Siding  1294 ft
BRIDGE,507.1478143562768,507.21284107147756,0.06502671520075864,
RUN STRAIGHT,507.19418335180865,507.92844025868067,0.73,
SIDING,507.21284107147756,507.21284107147756,0.018657719668942394,Salmon Arm Siding  61 ft
RUN CURVE,507.92844025868067,508.1285450733132,0.2,L avg -1.98 max 2.67 deg/100ft
RUN CURVE,508.21041436070624,508.89298252887204,0.68,L avg -1.53 max 2.56 deg/100ft
SIDING,508.7319555275767,508.7319555275767,3.3734178042767335,Salmon Arm Siding  11068 ft
RUN STRAIGHT,508.89298252887204,509.14628415856447,0.25,
RUN STRAIGHT,509.2019413128238,509.98629405822965,0.78,
RUN STRAIGHT,510.02860620175886,510.50834283000427,0.48,
RUN CURVE,510.58625887575425,510.79632420034176,0.21,L avg -2.34 max 5.26 deg/100ft
RUN STRAIGHT,510.97036097046265,511.2777397627952,0.31,
RUN CURVE,511.2777397627952,511.47827009139866,0.2,R avg +1.42 max 2.62 deg/100ft
RUN STRAIGHT,511.47827009139866,511.7051033208449,0.23,
RUN STRAIGHT,511.80818640163005,512.1182602997856,0.31,
RUN CURVE,512.1182602997856,512.4044355590943,0.29,L avg -0.54 max 2.73 deg/100ft
RUN CURVE,512.6577195609352,512.8402805890764,0.18,L avg -4.65 max 7.09 deg/100ft
RUN CURVE,512.8784774280255,513.1066149465961,0.23,L avg -1.25 max 2.28 deg/100ft
RUN CURVE,513.1280676690666,513.3723311050794,0.24,R avg +7.29 max 9.26 deg/100ft
RUN CURVE,513.5752824042438,514.3839572835752,0.81,L avg -0.27 max 2.19 deg/100ft
RUN STRAIGHT,514.3839572835752,514.8209751531689,0.44,
RUN CURVE,515.0074893138484,515.3010208907529,0.29,L avg -2.15 max 3.41 deg/100ft
RUN STRAIGHT,515.3010208907529,515.5054949730822,0.2,
RUN CURVE,515.5054949730822,515.7987550832008,0.29,R avg +1.06 max 2.23 deg/100ft
RUN STRAIGHT,515.7987550832008,516.365401639635,0.57,
RUN CURVE,516.365401639635,516.9834607930736,0.62,L avg -2.12 max 3.50 deg/100ft
MULTITRACK,517.0178736011384,520.5118962691764,3.494022668038042,3 tracks
RUN STRAIGHT,517.1545465692666,517.6544202202331,0.5,
RUN CURVE,517.6544202202331,517.9609369839116,0.31,L avg -2.88 max 3.88 deg/100ft
RUN STRAIGHT,518.0372392810334,518.2620253124627,0.22,
RUN CURVE,518.2620253124627,518.5222140540662,0.26,R avg +3.27 max 6.19 deg/100ft
RUN STRAIGHT,518.5222140540662,519.2275032480211,0.71,
SIDING,519.0327540759981,519.0327540759981,5.379643164999781,Canoe Siding  17650 ft
RUN CURVE,519.2275032480211,519.4257785179917,0.2,R avg +1.03 max 1.14 deg/100ft
RUN STRAIGHT,519.5938081430381,520.1384767379112,0.54,
RUN CURVE,520.1384767379112,520.3825019790831,0.24,R avg +1.03 max 1.26 deg/100ft
RUN CURVE,520.4181445248661,520.5747150793824,0.16,L avg -0.75 max 1.10 deg/100ft
RUN STRAIGHT,520.5747150793824,520.7480396211001,0.17,
MULTITRACK,520.7480396211001,522.630788299956,1.882748678855819,3 tracks
RUN STRAIGHT,520.8574087006822,521.3171072622357,0.46,
RUN STRAIGHT,521.4081062796034,521.686947993554,0.28,
RUN STRAIGHT,521.815477132411,522.3893461090465,0.57,
RUN CURVE,522.3893461090465,523.1088988940763,0.72,R avg +1.75 max 7.37 deg/100ft
RUN STRAIGHT,523.1088988940763,523.5334594856678,0.42,
RUN CURVE,523.6517102881502,524.1990863934119,0.55,L avg -1.89 max 3.55 deg/100ft
RUN CURVE,524.3045083626617,524.583971058332,0.28,R avg +3.25 max 5.86 deg/100ft
RUN CURVE,524.654510287787,525.0374473489871,0.38,L avg -0.30 max 0.30 deg/100ft
RUN STRAIGHT,525.0374473489871,525.2488578626487,0.21,
MULTITRACK,525.3021128074829,525.6713587815804,0.36924597409745274,3 tracks
TUNNEL,525.3730683864665,525.5869432045064,0.21387481803992614,
RUN CURVE,525.4023341233441,525.5869432045064,0.18,R avg +1.12 max 1.28 deg/100ft
RUN STRAIGHT,525.5869432045064,525.766871298306,0.18,
RUN CURVE,525.766871298306,526.089996168446,0.32,R avg +2.34 max 4.81 deg/100ft
RUN CURVE,526.9563748563127,527.3600204587884,0.4,L avg -1.56 max 2.79 deg/100ft
RUN CURVE,527.8259352623862,528.6197750856963,0.79,R avg +0.65 max 3.46 deg/100ft
RUN STRAIGHT,528.6197750856963,528.810829013268,0.19,
RUN STRAIGHT,529.0911265471494,529.3825608494934,0.29,
RUN CURVE,529.3825608494934,529.6818786046882,0.3,L avg -2.22 max 5.12 deg/100ft
RUN STRAIGHT,529.6818786046882,530.0076306426944,0.33,
RUN CURVE,530.0076306426944,530.9178825330329,0.91,L avg -0.94 max 6.10 deg/100ft
RUN CURVE,531.0587320061254,531.3287721774121,0.27,R avg +2.34 max 4.50 deg/100ft
RUN CURVE,531.7536835537276,531.9652662190167,0.21,L avg -0.07 max 3.19 deg/100ft
RUN CURVE,532.572504204713,532.7755299204872,0.2,R avg +0.32 max 0.69 deg/100ft
RUN STRAIGHT,532.7755299204872,533.1360160712096,0.36,
MULTITRACK,533.0649978058739,533.4372058018741,0.3722079960002702,3 tracks
RUN STRAIGHT,533.206288501568,533.4655056492784,0.26,
RUN CURVE,533.4655056492784,533.9304713003079,0.46,L avg -0.92 max 6.77 deg/100ft
RUN CURVE,534.1509245112802,534.4671914010884,0.32,R avg +2.12 max 6.31 deg/100ft
RUN CURVE,534.5300459987976,534.7378062532603,0.21,L avg -1.15 max 2.87 deg/100ft
RUN CURVE,534.8648353028085,535.0826621596455,0.22,L avg -2.43 max 6.87 deg/100ft
RUN STRAIGHT,535.0826621596455,535.2810776361696,0.2,
RUN CURVE,535.2810776361696,535.6365626896361,0.36,L avg -1.16 max 2.98 deg/100ft
RUN CURVE,535.7535779866644,535.9510173691508,0.2,R avg +1.14 max 2.53 deg/100ft
RUN CURVE,536.1112906699165,536.3101588994234,0.2,R avg +3.69 max 9.09 deg/100ft
RUN CURVE,536.3391348335845,536.9410223803728,0.6,L avg -0.76 max 4.54 deg/100ft
RUN CURVE,537.0483920259421,537.7079928437595,0.66,L avg -0.76 max 1.91 deg/100ft
MULTITRACK,537.5611703110422,537.8752711592356,0.31410084819333406,5 tracks
BRIDGE,537.7079928437595,537.8752711592356,0.1672783154760964,
RUN STRAIGHT,537.8752711592356,540.5865907133718,2.71,
BRIDGE,538.6648313975427,538.7761260663867,0.11129466884403882,
RUN CURVE,540.5865907133718,541.2429494875659,0.66,L avg -2.58 max 4.63 deg/100ft
RUN STRAIGHT,541.2429494875659,541.7270314004096,0.48,
RUN CURVE,541.8540851035564,542.7525321382232,0.9,L avg -0.14 max 4.57 deg/100ft
RUN STRAIGHT,542.7525321382232,544.0843795973578,1.33,
RUN CURVE,544.0843795973578,545.0289925530019,0.94,R avg +0.62 max 1.90 deg/100ft
BRIDGE,544.0843795973578,544.1369402679486,0.05256067059076486,
RUN STRAIGHT,545.0289925530019,545.6163283991862,0.59,
RUN CURVE,545.6163283991862,546.4698274520231,0.85,R avg +0.47 max 1.01 deg/100ft
RUN STRAIGHT,546.4698274520231,547.1574717019586,0.69,
RUN CURVE,547.1574717019586,547.5967744338636,0.44,L avg -1.02 max 2.52 deg/100ft
RUN STRAIGHT,547.5967744338636,548.2091836997848,0.61,
RUN CURVE,548.2091836997848,548.5995899215965,0.39,R avg +1.82 max 2.89 deg/100ft
RUN STRAIGHT,548.5995899215965,548.9266693843917,0.33,
RUN CURVE,548.9266693843917,549.4888363242308,0.56,L avg -0.68 max 1.12 deg/100ft
BRIDGE,549.4181574143713,549.4888363242308,0.07067890985945269,
RUN STRAIGHT,549.4888363242308,549.9009294307334,0.41,
RUN CURVE,549.9009294307334,550.5934897982238,0.69,R avg +0.96 max 5.78 deg/100ft
RUN STRAIGHT,550.5934897982238,550.9796031737974,0.39,
RUN CURVE,550.9796031737974,551.7001945836852,0.72,L avg -2.55 max 4.87 deg/100ft
RUN STRAIGHT,551.7001945836852,552.3853927225492,0.69,
RUN CURVE,552.3853927225492,553.3371500203066,0.95,L avg -2.11 max 7.16 deg/100ft
RUN STRAIGHT,553.3371500203066,553.6070498473227,0.27,
RUN CURVE,553.6070498473227,554.2834700434488,0.68,R avg +1.83 max 4.99 deg/100ft
RUN STRAIGHT,554.2834700434488,556.2762591633139,1.99,
RUN CURVE,556.2762591633139,556.7258226634848,0.45,R avg +1.11 max 3.84 deg/100ft
BRIDGE,556.2762591633139,556.3444138288804,0.06815466556656702,
RUN STRAIGHT,556.7258226634848,561.918234976276,5.19,
BRIDGE,558.6698220662666,558.7254474071483,0.05562534088164739,
RUN CURVE,562.0021211614231,562.4104898508043,0.41,L avg -0.51 max 2.07 deg/100ft
RUN CURVE,562.5227312201064,562.8737435675863,0.35,R avg +0.10 max 5.35 deg/100ft
BRIDGE,563.1724533617017,563.3012977049177,0.12884434321597382,
RUN CURVE,563.3408848996378,563.6477910705801,0.31,L avg -1.36 max 2.42 deg/100ft
RUN STRAIGHT,563.6477910705801,564.2426748462424,0.59,
RUN CURVE,564.2426748462424,565.0581744743926,0.82,R avg +1.83 max 3.32 deg/100ft
RUN STRAIGHT,565.0581744743926,566.7394688456857,1.68,
BRIDGE,566.7394688456857,566.7970708407173,0.057601995031632214,
RUN CURVE,566.8677369365,567.0196170479555,0.15,R avg +1.01 max 1.65 deg/100ft
RUN CURVE,567.0553953378862,567.2351563140226,0.18,L avg -0.43 max 0.59 deg/100ft
RUN CURVE,567.2692129992882,567.4562862109694,0.19,R avg +2.80 max 3.62 deg/100ft
RUN STRAIGHT,567.4562862109694,568.730061000405,1.27,
RUN CURVE,568.730061000405,568.9059625497866,0.18,R avg +0.22 max 1.05 deg/100ft
RUN CURVE,569.0516386643224,569.5282477362699,0.48,R avg +1.55 max 3.42 deg/100ft
RUN STRAIGHT,569.5282477362699,570.1614139608977,0.63,
BRIDGE,569.5282477362699,569.6093132368794,0.08106550060949758,
RUN STRAIGHT,570.2920888191994,570.473843502838,0.18,
RUN CURVE,570.7395161643531,571.2571856421505,0.52,L avg -0.68 max 1.96 deg/100ft
RUN STRAIGHT,571.2571856421505,571.4891700269311,0.23,
RUN CURVE,571.4891700269311,571.7739144209121,0.28,R avg +4.02 max 5.63 deg/100ft
RUN STRAIGHT,571.8568882747314,572.0329100632748,0.18,
RUN STRAIGHT,572.3227176592158,572.4769227188514,0.15,
RUN CURVE,572.5538967078402,572.7998212256681,0.25,R avg +0.29 max 0.29 deg/100ft
RUN CURVE,572.921229375802,573.4514111984818,0.53,R avg +1.41 max 5.61 deg/100ft
RUN CURVE,573.5421776686499,573.8403877793914,0.3,L avg -0.17 max 1.01 deg/100ft
RUN STRAIGHT,574.0473220977333,574.237626120323,0.19,
RUN CURVE,574.5122107773129,574.7294582894916,0.22,L avg -0.55 max 3.33 deg/100ft
RUN STRAIGHT,574.7294582894916,574.8895303210238,0.16,
RUN CURVE,574.8895303210238,575.2278915227092,0.34,L avg -1.01 max 2.08 deg/100ft
RUN STRAIGHT,575.2278915227092,575.4361162180204,0.21,
RUN CURVE,575.5973595870897,575.9272035794659,0.33,L avg -0.79 max 3.26 deg/100ft
RUN CURVE,576.0711918159154,576.2728164090636,0.2,L avg -0.41 max 1.64 deg/100ft
RUN STRAIGHT,576.4714034152133,576.6974209071695,0.23,
RUN CURVE,576.6974209071695,577.0201726256969,0.32,R avg +0.33 max 1.05 deg/100ft
RUN STRAIGHT,577.0201726256969,577.6938085511513,0.67,
RUN CURVE,577.6938085511513,578.1711670003896,0.48,R avg +3.08 max 6.85 deg/100ft
RUN STRAIGHT,578.1711670003896,579.1322721164621,0.96,
BRIDGE,578.8812509675674,578.9480322788502,0.0667813112827389,
RUN CURVE,579.1322721164621,581.8295374649599,2.7,R avg +0.87 max 7.14 deg/100ft
RUN CURVE,581.8657152545652,583.9262447022143,2.06,L avg -0.21 max 4.78 deg/100ft
BRIDGE,583.8771635685634,583.9488532461208,0.07168967755740141,
RUN CURVE,584.0136028551962,585.2670048357768,1.25,R avg +0.69 max 7.06 deg/100ft
RUN STRAIGHT,585.2670048357768,585.5179932761665,0.25,
RUN CURVE,585.5179932761665,587.2543959819762,1.74,L avg -2.48 max 11.02 deg/100ft
RUN STRAIGHT,587.2543959819762,587.4224585572638,0.17,
RUN CURVE,587.4224585572638,588.1997232098868,0.78,L avg -0.80 max 2.69 deg/100ft
RUN STRAIGHT,588.1997232098868,588.8404924746953,0.64,
RUN CURVE,588.8404924746953,590.173853678386,1.33,L avg -0.90 max 6.66 deg/100ft
BRIDGE,590.173853678386,590.2277386736015,0.05388499521552603,
RUN CURVE,590.2566819367486,593.3483139635907,3.09,R avg +0.55 max 6.49 deg/100ft
RUN STRAIGHT,593.3483139635907,594.0747285929095,0.73,
MULTITRACK,593.3483139635907,594.3812510815216,1.0329371179308282,4 tracks
TUNNEL,593.3483139635907,594.157719909953,0.8094059463622898,
RUN STRAIGHT,594.3812510815216,594.7262617834933,0.35,
RUN CURVE,594.7262617834933,595.4950339040959,0.77,R avg +1.27 max 2.75 deg/100ft
RUN STRAIGHT,595.6503656873236,596.1406781505548,0.49,
RUN CURVE,596.2182530379332,597.3081652477108,1.09,L avg -0.71 max 3.33 deg/100ft
RUN CURVE,597.380965817338,598.3738918637865,0.99,R avg +0.44 max 1.61 deg/100ft
MULTITRACK,597.7561660831769,598.3738918637865,0.6177257806095895,2 tracks
RUN STRAIGHT,598.3738918637865,598.8908002416558,0.52,
MULTITRACK,598.8908002416558,599.6519167976516,0.7611165559957271,3 tracks
RUN STRAIGHT,599.0217927919673,599.600775412818,0.58,
RUN CURVE,599.600775412818,599.992079563173,0.39,L avg -2.73 max 5.57 deg/100ft
MULTITRACK,599.8413901974687,600.6910604246091,0.8496702271403365,2 tracks
RUN CURVE,600.0665589203921,600.392056251747,0.33,R avg +5.20 max 6.93 deg/100ft
RUN STRAIGHT,600.392056251747,600.5811058655129,0.19,
RUN CURVE,600.5811058655129,601.6192825853537,1.04,L avg -0.45 max 7.20 deg/100ft
RUN STRAIGHT,601.6192825853537,601.8661522384933,0.25,
RUN CURVE,601.8661522384933,602.169580230532,0.3,L avg -3.33 max 7.22 deg/100ft
MULTITRACK,602.169580230532,603.2549817482842,1.0854015177521887,2 tracks
RUN CURVE,602.206523580517,602.6137919675009,0.41,L avg -2.34 max 5.74 deg/100ft
RUN CURVE,602.6850870981631,603.9920125999272,1.31,L avg -1.17 max 8.50 deg/100ft
RUN STRAIGHT,603.9920125999272,604.1913606297104,0.2,
RUN CURVE,604.1913606297104,604.5623032806697,0.37,R avg +2.62 max 6.09 deg/100ft
MULTITRACK,604.1913606297104,605.59638058741,1.405019957699551,5 tracks
RUN STRAIGHT,604.5623032806697,604.9128444017049,0.35,
RUN CURVE,604.9128444017049,605.7422223299352,0.83,L avg -0.64 max 8.41 deg/100ft
BRIDGE,605.3779360315253,605.4877208147042,0.10978478317883855,
MULTITRACK,605.7422223299352,618.458462874025,12.716240544089828,7 tracks
RUN CURVE,605.8191195282736,606.2979770699386,0.48,L avg -0.78 max 1.57 deg/100ft
BRIDGE,605.8864639026092,606.2979770699386,0.41151316732941723,
RUN STRAIGHT,606.2979770699386,607.079402968982,0.78,
YARD,606.3175271992568,606.8528692193329,0.5353420200760866,9 tracks
BRIDGE,606.5266253981672,606.6608528201685,0.13422742200134508,
RUN STRAIGHT,607.1823998188598,607.4109748474243,0.23,
RUN CURVE,607.4109748474243,607.6566070701012,0.25,R avg +0.52 max 1.25 deg/100ft
RUN STRAIGHT,607.6566070701012,608.4316551117685,0.78,
RUN CURVE,608.4316551117685,608.6240557554923,0.19,L avg -0.17 max 0.57 deg/100ft
RUN STRAIGHT,608.6240557554923,609.0013611026417,0.38,
STATION,608.8872935360271,608.8872935360271,0.0,Revelstoke
RUN STRAIGHT,609.0825066817622,609.3495383070563,0.27,
RUN CURVE,609.3495383070563,609.5223072994067,0.17,L avg -0.93 max 0.93 deg/100ft
RUN CURVE,609.6657906992392,609.8246456354414,0.16,R avg +2.66 max 3.07 deg/100ft
RUN STRAIGHT,609.8246456354414,609.997506256468,0.17,
RUN STRAIGHT,610.0423350199794,610.6105199074107,0.57,
RUN STRAIGHT,610.666891238565,610.9910314191733,0.32,
RUN STRAIGHT,611.2460673944153,611.6693124243502,0.42,
RUN CURVE,611.6693124243502,611.8714293651002,0.2,L avg -3.94 max 8.48 deg/100ft
RUN CURVE,612.0101437146257,612.1967342566218,0.19,L avg -1.78 max 1.80 deg/100ft
RUN STRAIGHT,612.5276350623808,612.7617798905592,0.23,
RUN CURVE,612.7617798905592,612.9878939010804,0.23,R avg +1.62 max 4.12 deg/100ft
RUN STRAIGHT,613.0922445520875,613.2532095460637,0.16,
RUN CURVE,613.2532095460637,613.5172361783098,0.26,L avg -1.67 max 3.93 deg/100ft
RUN STRAIGHT,613.5172361783098,613.7418185500981,0.22,
RUN STRAIGHT,613.8177869196029,614.0471541112055,0.23,
YARD,613.8487229634758,614.2869122362351,0.4381892727593595,6 tracks
BRIDGE,614.0149391292548,614.1505891380289,0.1356500087740642,
RUN CURVE,614.2869122362351,614.4859977035994,0.2,L avg -4.65 max 7.83 deg/100ft
RUN STRAIGHT,614.4859977035994,614.6690593665279,0.18,
RUN CURVE,614.7678181681998,614.9613547727115,0.19,L avg -0.71 max 0.88 deg/100ft
RUN CURVE,615.0493056165251,615.3116908811891,0.26,L avg -0.56 max 0.56 deg/100ft
RUN CURVE,615.4293500755201,615.6287420143074,0.2,R avg +0.60 max 0.84 deg/100ft
RUN STRAIGHT,615.6287420143074,615.890088922108,0.26,
RUN CURVE,616.1213212440383,616.4080974689466,0.29,R avg +2.40 max 4.43 deg/100ft
RUN STRAIGHT,617.0264207975077,617.2025808726605,0.18,
RUN STRAIGHT,617.2712694295275,618.3277371221167,1.06,
RUN STRAIGHT,618.4287496016608,619.0969734484016,0.67,
RUN CURVE,619.0969734484016,619.4313210787842,0.33,L avg -0.55 max 0.81 deg/100ft
MULTITRACK,619.0969734484016,623.221412585092,4.124439136690398,6 tracks
YARD,619.4313210787842,619.8756830392227,0.4443619604385276,6 tracks
RUN CURVE,619.4608031828805,619.6254061564746,0.16,L avg -0.22 max 0.22 deg/100ft
RUN STRAIGHT,619.8531431809935,620.0532965178583,0.2,
RUN CURVE,620.2993805064804,620.452693742813,0.15,L avg -0.83 max 1.37 deg/100ft
RUN CURVE,620.7881391645758,621.2227311402996,0.43,R avg +1.24 max 4.09 deg/100ft
RUN STRAIGHT,621.2227311402996,621.5768864403981,0.35,
RUN CURVE,621.5768864403981,621.7901013325742,0.21,R avg +2.23 max 2.98 deg/100ft
RUN STRAIGHT,622.1380437768257,622.3255862784067,0.19,
RUN STRAIGHT,622.4288237351008,622.6129121314495,0.18,
RUN STRAIGHT,622.6743504791089,622.8564572663162,0.18,
RUN STRAIGHT,622.901890580278,623.1070547994932,0.21,
RUN CURVE,623.3096808074957,623.6037536066469,0.29,R avg +1.49 max 4.79 deg/100ft
RUN STRAIGHT,623.6037536066469,623.988537761726,0.38,
RUN CURVE,623.988537761726,624.3115942914715,0.32,R avg +2.09 max 3.32 deg/100ft
RUN CURVE,624.3513427018786,625.5039624429872,1.15,L avg -0.76 max 6.75 deg/100ft
RUN STRAIGHT,625.5039624429872,625.9212958952988,0.42,
RUN CURVE,625.9212958952988,627.3727961947362,1.45,L avg -0.23 max 8.46 deg/100ft
RUN STRAIGHT,627.3727961947362,627.6681376523637,0.3,
RUN CURVE,627.6681376523637,628.0041622920622,0.34,R avg +3.52 max 7.22 deg/100ft
MULTITRACK,627.814392550232,628.1419276603687,0.32753511013663683,3 tracks
BRIDGE,627.8769260050537,628.0041622920622,0.12723628700848622,
RUN CURVE,628.1419276603687,631.1027156477937,2.96,L avg -1.60 max 10.97 deg/100ft
RUN CURVE,631.2308102147723,631.736011263303,0.51,L avg -1.44 max 7.73 deg/100ft
RUN STRAIGHT,631.736011263303,631.8986148146487,0.16,
RUN CURVE,631.8986148146487,632.6943146005353,0.8,R avg +1.32 max 10.03 deg/100ft
RUN CURVE,632.7328852193326,634.137421278931,1.4,R avg +0.51 max 8.30 deg/100ft
RUN STRAIGHT,634.137421278931,634.5195303370996,0.38,
RUN CURVE,634.5195303370996,635.4967205438644,0.98,L avg -0.03 max 2.58 deg/100ft
RUN STRAIGHT,635.4967205438644,635.8172697677687,0.32,
RUN CURVE,635.8172697677687,636.330315914537,0.51,R avg +1.65 max 4.28 deg/100ft
RUN STRAIGHT,636.330315914537,636.4823930946299,0.15,
RUN CURVE,636.4823930946299,636.9584895338794,0.48,L avg -1.52 max 3.22 deg/100ft
RUN STRAIGHT,636.9584895338794,637.2058454195954,0.25,
RUN CURVE,637.2058454195954,638.2633887628499,1.06,R avg +0.60 max 6.69 deg/100ft
RUN CURVE,638.3911376581528,640.3265126956151,1.94,L avg -0.76 max 8.98 deg/100ft
RUN STRAIGHT,640.3265126956151,640.4978498881479,0.17,
RUN CURVE,640.4978498881479,641.2088499349754,0.71,R avg +4.69 max 7.45 deg/100ft
RUN STRAIGHT,641.2088499349754,641.6339771888059,0.43,
RUN CURVE,641.7891444334812,641.9603093412874,0.17,L avg -0.45 max 1.72 deg/100ft
RUN STRAIGHT,641.9603093412874,642.1718438811372,0.21,
RUN STRAIGHT,642.2132550019659,642.3718827228545,0.16,
RUN CURVE,642.5424541783143,643.6111111248699,1.07,R avg +2.62 max 8.58 deg/100ft
RUN CURVE,643.6428315443595,643.8014567415847,0.16,L avg -2.22 max 3.01 deg/100ft
RUN CURVE,644.5267887217547,646.1647978182849,1.64,R avg +0.54 max 10.37 deg/100ft
RUN STRAIGHT,646.1647978182849,646.5163679543663,0.35,
RUN CURVE,646.5163679543663,646.6943582217679,0.18,L avg -3.25 max 5.15 deg/100ft
RUN STRAIGHT,646.6943582217679,647.0010240511821,0.31,
RUN CURVE,647.5715944419504,647.7535652104824,0.18,L avg -1.59 max 2.76 deg/100ft
RUN STRAIGHT,648.0025273811239,648.3834830101265,0.38,
RUN CURVE,648.3834830101265,649.2365770883946,0.85,L avg -0.76 max 5.70 deg/100ft
RUN STRAIGHT,649.2365770883946,649.4952333904084,0.26,
RUN CURVE,649.4952333904084,650.3269253399549,0.83,L avg -1.72 max 3.10 deg/100ft
BRIDGE,650.2586324001078,650.3599227966247,0.10129039651690164,
RUN CURVE,650.4272054727157,651.6874232658962,1.26,R avg +0.69 max 10.68 deg/100ft
RUN STRAIGHT,651.6874232658962,651.9691745216916,0.28,
RUN CURVE,651.9691745216916,652.3748621615642,0.41,R avg +2.92 max 9.39 deg/100ft
RUN STRAIGHT,652.3748621615642,652.6001896614888,0.23,
RUN CURVE,652.6001896614888,652.8478413067523,0.25,L avg -4.22 max 6.87 deg/100ft
BRIDGE,652.8478413067523,652.941662295545,0.09382098879268597,
RUN CURVE,652.941662295545,654.0518214787668,1.11,L avg -0.56 max 11.84 deg/100ft
RUN CURVE,654.1338700763145,655.4678431713036,1.33,R avg +4.07 max 16.15 deg/100ft
MULTITRACK,655.3856366560864,656.5104271614392,1.1247905053528484,3 tracks
TUNNEL,655.782657098298,656.3676141187402,0.5849570204421752,
RUN CURVE,655.8176220717937,657.4219213180972,1.6,R avg +0.22 max 9.93 deg/100ft
RUN STRAIGHT,657.4219213180972,657.760483515729,0.34,
RUN CURVE,657.760483515729,658.1811535210518,0.42,L avg -2.11 max 5.79 deg/100ft
MULTITRACK,658.0294764982738,658.8715036070922,0.8420271088184563,5 tracks
BRIDGE,658.1320465800998,658.2202674074399,0.08822082734013748,
YARD,658.1811535210518,658.6621538298166,0.4810003087648056,8 tracks
BRIDGE,658.3203411154277,658.4234386849455,0.10309756951778581,
RUN CURVE,658.5861354786895,658.7580596633742,0.17,L avg -4.82 max 9.04 deg/100ft
RUN CURVE,658.7805989755542,659.8816069321673,1.1,L avg -0.63 max 6.32 deg/100ft
RUN STRAIGHT,659.8816069321673,660.8540356648967,0.97,
RUN CURVE,660.8540356648967,662.1617257223335,1.31,R avg +0.60 max 8.55 deg/100ft
RUN STRAIGHT,662.1617257223335,662.4568971211902,0.3,
RUN CURVE,662.4568971211902,663.5021018995066,1.05,L avg -0.46 max 1.38 deg/100ft
RUN STRAIGHT,663.5021018995066,663.7702433556822,0.27,
RUN CURVE,663.7702433556822,664.0266328844306,0.26,R avg +2.42 max 6.55 deg/100ft
RUN CURVE,664.0614346983333,664.5950084744778,0.53,L avg -2.59 max 4.89 deg/100ft
RUN CURVE,664.6168371801168,665.0434286671518,0.43,R avg +1.20 max 1.99 deg/100ft
RUN CURVE,665.0811099479213,665.436139961016,0.36,L avg -1.01 max 1.01 deg/100ft
RUN STRAIGHT,665.436139961016,665.654198217736,0.22,
RUN CURVE,665.829765370632,666.6434584297799,0.81,L avg -1.30 max 6.19 deg/100ft
RUN CURVE,666.7193192239358,667.3508759661723,0.63,L avg -1.13 max 6.74 deg/100ft
MULTITRACK,666.9534989832176,667.9593185703636,1.005819587145993,4 tracks
RUN STRAIGHT,667.3508759661723,682.6871503249878,15.34,
TUNNEL,667.9593185703636,682.5955816419237,14.636263071560052,
SIDING,670.8017099382415,670.8017099382415,0.024325450940112053,Glacier Siding  80 ft
SIDING,670.8017099382415,670.8017099382415,0.24363335703896583,Glacier Siding  799 ft
SIDING,672.40783836153,672.40783836153,1.995953469265561,Glacier Siding  6548 ft
MULTITRACK,678.121914567608,678.8336816071051,0.7117670394970901,4 tracks
STATION,678.8336816071051,678.8336816071051,0.0,Rogers Pass
RUN STRAIGHT,682.794174595236,683.6406780085858,0.85,
MULTITRACK,683.6964828038621,684.0353621023113,0.33887929844922837,3 tracks
BRIDGE,683.7876992764673,683.8940703133482,0.106371036880887,
RUN STRAIGHT,683.8940703133482,687.4281383959027,3.53,
TUNNEL,683.8940703133482,685.7785777529326,1.8845074395844676,
SIDING,685.7176750075218,685.7176750075218,2.755442540469486,Stoney Creek Siding  9040 ft
MULTITRACK,686.8779091269249,687.1825341055807,0.30462497865573823,3 tracks
RUN CURVE,687.4281383959027,687.6098218744605,0.18,R avg +0.21 max 0.21 deg/100ft
MULTITRACK,687.6709055488026,691.2888007748801,3.6178952260775077,4 tracks
RUN STRAIGHT,687.7647621659842,687.9170588371371,0.15,
BRIDGE,687.7647621659842,688.0874093886064,0.3226472226222086,
RUN STRAIGHT,687.9656623868166,688.9920734982245,1.03,
SIDING,688.5196239829336,688.5196239829336,0.33277823559457537,Wakely Siding  1092 ft
RUN STRAIGHT,689.1085024701885,689.3215769870086,0.21,
SIDING,689.4585180268123,689.4585180268123,2.918609610299495,Wakely Siding  9575 ft
RUN STRAIGHT,689.5765201890038,690.3151653527708,0.74,
RUN CURVE,690.3151653527708,690.5163510034033,0.2,R avg +0.20 max 0.20 deg/100ft
RUN STRAIGHT,690.5163510034033,693.1731151170867,2.66,
RUN CURVE,693.1731151170867,693.3298285134226,0.16,R avg +0.20 max 0.20 deg/100ft
MULTITRACK,693.1731151170867,693.8907465388464,0.7176314217597337,2 tracks
RUN STRAIGHT,693.3298285134226,693.7638692513817,0.43,
RUN STRAIGHT,693.8296358960637,693.9819932153376,0.15,
RUN STRAIGHT,694.0598622311295,696.4872259370941,2.43,
MULTITRACK,694.0902997837819,695.5899508503775,1.4996510665955611,6 tracks
SIDING,694.2121104722291,694.2121104722291,0.5623353884000222,Griffith Siding  1845 ft
SIDING,695.6812018274775,695.6812018274775,1.5434696420160814,Griffith Siding  5064 ft
YARD,696.2740882877328,696.7061337569904,0.4320454692576732,8 tracks
MULTITRACK,696.3655203402593,699.0327857412643,2.667265401005011,4 tracks
BRIDGE,696.4569450722826,696.6452249738444,0.1882799015618275,
RUN STRAIGHT,696.5842170550063,696.7670942772427,0.18,
RUN STRAIGHT,696.8817915507761,697.0644479046646,0.18,
RUN CURVE,697.0644479046646,697.4400722088656,0.38,L avg -0.19 max 0.19 deg/100ft
RUN STRAIGHT,697.6269361265536,699.0632589074658,1.44,
RUN STRAIGHT,699.1858817630851,699.5211234293471,0.34,
RUN CURVE,699.5211234293471,699.7858793616788,0.26,L avg -0.24 max 0.24 deg/100ft
MULTITRACK,699.5211234293471,704.2625674750209,4.741444045673802,6 tracks
RUN STRAIGHT,699.7858793616788,700.2733394061186,0.49,
YARD,700.1208280266061,700.7560320775098,0.6352040509036669,10 tracks
RUN STRAIGHT,700.3503117128124,700.6380897032016,0.29,
RUN STRAIGHT,700.7560320775098,703.1697387130494,2.41,
SIDING,700.7560320775098,700.7560320775098,0.7187006087740845,Rogers Siding  2358 ft
SIDING,701.7430159980428,701.7430159980428,0.38590592488931563,Rogers Siding  1266 ft
YARD,702.4573263493926,703.0174308228186,0.5601044734260086,5 tracks
RUN CURVE,703.1697387130494,703.4108214988938,0.24,R avg +0.37 max 0.37 deg/100ft
BRIDGE,703.9990982666542,704.1711962350496,0.1720979683954056,
RUN STRAIGHT,704.0571425891818,704.3538555881007,0.3,
RUN CURVE,704.3538555881007,704.5753818140491,0.22,R avg +0.20 max 0.20 deg/100ft
RUN STRAIGHT,704.5753818140491,706.2180566182224,1.64,
RUN CURVE,706.2180566182224,706.4797540654138,0.26,R avg +0.29 max 0.29 deg/100ft
RUN STRAIGHT,706.4797540654138,708.5340235269308,2.05,
RUN CURVE,708.5340235269308,708.7176405283396,0.18,L avg -0.32 max 0.32 deg/100ft
RUN STRAIGHT,708.7176405283396,708.8695947664884,0.15,
MULTITRACK,708.8391876412575,712.3269181554083,3.487730514150826,4 tracks
RUN STRAIGHT,709.1272919473045,709.7503843152159,0.62,
RUN STRAIGHT,709.8418220614268,710.2390756747864,0.4,
SIDING,709.9957714001148,709.9957714001148,2.217358209641589,Beavermouth Siding  7275 ft
RUN CURVE,710.2390756747864,710.5591171263841,0.32,L avg -0.20 max 0.20 deg/100ft
RUN STRAIGHT,710.5591171263841,711.0779800282503,0.52,
RUN STRAIGHT,711.1754446776323,711.7341887832652,0.56,
RUN STRAIGHT,711.8334069199759,712.1809391289174,0.35,
SIDING,711.9549406774588,711.9549406774588,1.0054944512852366,Beavermouth Siding  3299 ft
RUN STRAIGHT,712.2358869356965,712.8531869222254,0.62,
RUN STRAIGHT,712.9219435328149,713.1651798318846,0.24,
RUN CURVE,713.1651798318846,713.4091299165069,0.24,R avg +0.29 max 0.29 deg/100ft
RUN CURVE,713.5003362019395,713.6511584620692,0.15,L avg -0.36 max 0.36 deg/100ft
RUN CURVE,713.7728464008484,713.9733613301445,0.2,R avg +0.44 max 0.44 deg/100ft
RUN STRAIGHT,713.9733613301445,714.8778889032088,0.9,
RUN STRAIGHT,715.0112131907746,715.284988241822,0.27,
RUN STRAIGHT,715.3718691702971,715.5846716443488,0.21,
RUN STRAIGHT,715.7071643581166,715.9199626948067,0.21,
MULTITRACK,715.8287633328902,716.6297228741666,0.8009595412764838,2 tracks
TUNNEL,715.9199626948067,716.5386597829299,0.6186970881232128,
RUN STRAIGHT,715.9789860665072,716.7515212450649,0.77,
MULTITRACK,716.6906858147044,719.7447986077026,3.0541127929982395,5 tracks
RUN CURVE,716.9136173856585,717.1163534922886,0.2,L avg -0.36 max 0.36 deg/100ft
RUN STRAIGHT,717.1163534922886,717.7949032335603,0.68,
RUN STRAIGHT,717.8939514032236,718.0763020169469,0.18,
RUN STRAIGHT,718.1195785915877,718.7277193862648,0.61,
RUN CURVE,718.7277193862648,718.90784626713,0.18,R avg +0.38 max 0.38 deg/100ft
RUN STRAIGHT,718.90784626713,719.5968174147824,0.69,
RUN STRAIGHT,719.683974829763,720.2159166031607,0.53,
RUN CURVE,720.2159166031607,720.4021356494613,0.19,L avg -0.20 max 0.20 deg/100ft
RUN STRAIGHT,720.4021356494613,720.7368575721956,0.33,
RUN STRAIGHT,720.8376827233021,722.8883078779802,2.05,
RUN CURVE,722.8883078779802,723.169840335487,0.28,L avg -0.34 max 0.34 deg/100ft
RUN STRAIGHT,723.169840335487,723.876700636529,0.71,
RUN STRAIGHT,723.9775515403406,724.1297454984876,0.15,
RUN CURVE,724.1297454984876,724.3014940701734,0.17,L avg -0.63 max 0.63 deg/100ft
RUN STRAIGHT,724.3014940701734,724.5651188579209,0.26,
RUN STRAIGHT,724.6163481107453,725.5511883609356,0.93,
RUN CURVE,725.5511883609356,725.7310014160132,0.18,L avg -0.20 max 0.20 deg/100ft
RUN STRAIGHT,725.7310014160132,727.0112833319082,1.28,
BRIDGE,725.7310014160132,725.9232497588401,0.19224834282692882,
MULTITRACK,726.5048112300071,727.1733561403876,0.6685449103804331,3 tracks
RUN CURVE,727.0112833319082,727.1733561403876,0.16,L avg -0.38 max 0.38 deg/100ft
RUN STRAIGHT,727.1733561403876,734.797834252249,7.62,
MULTITRACK,727.8628837207991,737.5308825524977,9.667998831698583,8 tracks
RUN CURVE,734.797834252249,735.0061908941638,0.21,R avg +0.18 max 0.18 deg/100ft
RUN STRAIGHT,735.0061908941638,737.4456313461684,2.44,
RUN CURVE,737.4456313461684,737.8182213394915,0.37,L avg -0.23 max 0.65 deg/100ft
RUN STRAIGHT,737.8182213394915,737.9717227326468,0.15,
YARD,737.8794923949054,738.3014890008106,0.4219966059052922,6 tracks
MULTITRACK,737.9404875073365,738.4817263453656,0.5412388380291304,6 tracks
RUN STRAIGHT,738.0763124670765,738.3624881052145,0.29,
BRIDGE,738.0763124670765,738.151256674744,0.07494420766749954,
RUN STRAIGHT,738.4145273563922,743.7613707676405,5.35,
MULTITRACK,738.9536497919687,755.4544033914058,16.500753599437076,9 tracks
RUN STRAIGHT,743.843974438879,745.7117541307823,1.87,
YARD,744.89524860645,745.6508330938917,0.7555844874417517,8 tracks
RUN STRAIGHT,745.7654039137244,749.554941539749,3.79,
RUN STRAIGHT,749.6416721184409,750.6421113959033,1.0,
YARD,750.4593315216706,752.6627843355806,2.203452813909962,10 tracks
RUN STRAIGHT,750.6988629466144,755.6064037904545,4.91,
SIDING,751.681315356027,751.681315356027,0.6114146083119091,CPKC—Hill Siding (Mountain Main—Golden)  2006 ft
SIDING,752.2337756719488,752.2337756719488,0.1375055765607227,CPKC—Hill Siding (Mountain Main—Golden)  451 ft
YARD,754.0302450048994,755.0335814257959,1.0033364208965168,6 tracks
SIDING,754.3345810475005,754.3345810475005,2.639134528531716,CPKC—Hill Siding (Mountain Main—Golden)  8659 ft
STATION,754.4258245183937,754.4258245183937,0.0,Golden
RUN STRAIGHT,755.656850385788,755.9173053331455,0.26,
RUN STRAIGHT,756.1131813685523,756.2653049317179,0.15,
RUN STRAIGHT,756.3433526228034,756.8406495698206,0.5,
MULTITRACK,756.7494386811353,757.2205915677956,0.4711528866603203,5 tracks
RUN STRAIGHT,756.9781569865273,757.464044378861,0.49,
RUN STRAIGHT,757.595358892744,758.1287454358069,0.53,
RUN STRAIGHT,758.2689746734765,758.8771867247593,0.61,
MULTITRACK,758.7509938152125,759.1036774305928,0.3526836153803288,3 tracks
RUN STRAIGHT,758.9422167219354,759.4948490782504,0.55,
MULTITRACK,759.4125747887035,759.875623570304,0.46304878160049157,5 tracks
TUNNEL,759.4948490782504,759.7707033620832,0.27585428383281396,
RUN STRAIGHT,759.5366876614364,760.0566862740943,0.52,
MULTITRACK,760.0249600766441,760.5834391794497,0.5584791028055633,4 tracks
RUN STRAIGHT,760.1071363489851,760.4937061350302,0.39,
RUN STRAIGHT,760.5528402753946,760.7561969853398,0.2,
RUN STRAIGHT,761.0511136698802,761.2723533961524,0.22,
RUN CURVE,761.2723533961524,761.4627367015195,0.19,R avg +0.21 max 0.21 deg/100ft
RUN STRAIGHT,761.6473383415967,762.0959169638787,0.45,
RUN STRAIGHT,762.1478239576984,762.2997188106623,0.15,
RUN CURVE,762.2997188106623,762.5347394992775,0.24,R avg +0.30 max 0.30 deg/100ft
RUN STRAIGHT,762.5347394992775,762.6868291691742,0.15,
RUN STRAIGHT,762.9297213841237,763.1425669643078,0.21,
RUN STRAIGHT,763.291536116706,763.5197409646626,0.23,
MULTITRACK,763.291536116706,766.6557380734398,3.3642019567338366,5 tracks
RUN STRAIGHT,763.6329647183053,765.0465651369942,1.41,
SIDING,764.8052052972865,764.8052052972865,2.8913863079351043,Glenogle Siding  9486 ft
RUN STRAIGHT,765.1539486635169,765.7010708489648,0.55,
SIDING,765.2550485522182,765.2550485522182,0.3551368543260334,Glenogle Siding  1165 ft
RUN STRAIGHT,765.8494768585103,766.0016519184618,0.15,
RUN CURVE,766.0016519184618,766.2270945197733,0.23,R avg +0.18 max 0.18 deg/100ft
RUN STRAIGHT,766.2270945197733,766.747051576618,0.52,
BRIDGE,766.4591917735977,766.5187590376346,0.05956726403690027,
RUN STRAIGHT,766.9414181335571,767.2663261485516,0.32,
RUN STRAIGHT,767.5542614233758,767.8613464208206,0.31,
RUN STRAIGHT,767.9358383421385,768.3921383805999,0.46,
RUN STRAIGHT,768.4471122569797,768.6298831267761,0.18,
RUN STRAIGHT,768.6798814138696,768.8928506147606,0.21,
MULTITRACK,768.862406434299,769.187914212876,0.32550777857693447,3 tracks
RUN CURVE,768.8928506147606,769.074658750618,0.18,L avg -0.78 max 1.98 deg/100ft
RUN STRAIGHT,769.074658750618,769.2270149754205,0.15,
RUN CURVE,769.2270149754205,769.4137172195815,0.19,R avg +6.43 max 10.88 deg/100ft
RUN STRAIGHT,769.6572883954582,769.8096466354046,0.15,
RUN STRAIGHT,769.875151900633,770.1793196428928,0.3,
RUN STRAIGHT,770.226653455266,770.7602239402415,0.53,
RUN CURVE,770.7602239402415,770.9122064190618,0.15,L avg -0.37 max 0.37 deg/100ft
RUN STRAIGHT,770.9122064190618,771.0947655266302,0.18,
RUN STRAIGHT,771.1622421333079,771.4664020637126,0.3,
RUN CURVE,771.4664020637126,771.6306515950953,0.16,L avg -0.51 max 0.51 deg/100ft
RUN STRAIGHT,771.6306515950953,772.0020476028851,0.37,
RUN STRAIGHT,772.0466955639232,772.2596422966088,0.21,
RUN STRAIGHT,772.3145637121175,772.9581130923654,0.64,
MULTITRACK,772.4694094167832,775.9784186116374,3.5090091948542295,5 tracks
RUN STRAIGHT,773.1059545959844,773.2578637276049,0.15,
RUN STRAIGHT,773.3021455440474,774.475759066214,1.17,
SIDING,774.0279007296291,774.0279007296291,0.5728155117985152,Palliser Siding  1879 ft
SIDING,774.3305596970561,774.3305596970561,2.894353428818783,Palliser Siding  9496 ft
RUN STRAIGHT,774.54919674916,774.8228219735967,0.27,
RUN STRAIGHT,774.9337017167538,775.4322508798979,0.5,
YARD,775.3410556802464,775.7521422598021,0.41108657955567196,7 tracks
RUN STRAIGHT,775.5034470948518,776.1912397580885,0.69,
RUN STRAIGHT,776.2579462276548,776.747643279755,0.49,
RUN STRAIGHT,776.8439620067585,777.3290481212576,0.49,
RUN STRAIGHT,777.4669389708145,777.801544860347,0.33,
RUN STRAIGHT,777.855937032048,780.9077388379889,3.05,
RUN STRAIGHT,780.9845494590419,781.258284471205,0.27,
MULTITRACK,781.1974399526124,784.3661681816867,3.168728229074304,5 tracks
RUN STRAIGHT,781.3423448046112,791.3614831073456,10.02,
SIDING,781.3423448046112,781.3423448046112,0.8369263466508434,Leanchoil Siding  2746 ft
SIDING,782.1758949985642,782.1758949985642,0.3303573543532993,Leanchoil Siding  1084 ft
SIDING,783.1045936242609,783.1045936242609,2.188554380172882,Leanchoil Siding  7180 ft
RUN STRAIGHT,791.4118401229649,792.5792351788999,1.17,
RUN STRAIGHT,792.6418076743176,795.4150293263492,2.77,
MULTITRACK,793.7278803135704,798.245413713566,4.517533399995614,5 tracks
RUN STRAIGHT,795.4579968520991,796.1284893846802,0.67,
RUN STRAIGHT,796.2411297028503,796.5460161933352,0.3,
SIDING,796.704417173548,796.704417173548,2.66814237410983,Ottertail Siding  8754 ft
RUN CURVE,796.7348599951737,796.9427535966486,0.21,R avg +0.21 max 0.21 deg/100ft
SIDING,796.97319632175,796.97319632175,0.35300437080232255,Ottertail Siding  1158 ft
RUN STRAIGHT,797.3100426924932,798.7236148311431,1.41,
RUN STRAIGHT,798.8696544302906,799.5905029012179,0.72,
RUN STRAIGHT,799.6395188550542,800.3211120341259,0.68,
MULTITRACK,799.7308258407862,800.0380444221735,0.30721858138724656,3 tracks
RUN STRAIGHT,800.3742747697614,801.0993239821707,0.73,
RUN STRAIGHT,801.1479336557013,801.8177652423609,0.67,
RUN STRAIGHT,801.8606758129083,802.2638490784609,0.4,
RUN CURVE,802.2638490784609,802.439819959355,0.18,R avg +0.53 max 0.53 deg/100ft
RUN STRAIGHT,802.439819959355,804.2541547512863,1.81,
RUN CURVE,804.2541547512863,804.4522372816164,0.2,L avg -0.24 max 0.24 deg/100ft
RUN STRAIGHT,804.4522372816164,804.6348787416545,0.18,
RUN STRAIGHT,804.7114346659898,804.8942139599189,0.18,
RUN CURVE,804.8942139599189,805.0643312087245,0.17,L avg -0.40 max 0.40 deg/100ft
RUN STRAIGHT,805.0643312087245,805.3079866634138,0.24,
RUN STRAIGHT,805.3990737880496,805.9898116196017,0.59,
RUN STRAIGHT,806.0508127116697,806.3243244178487,0.27,
RUN STRAIGHT,806.3865901735492,806.5384675266698,0.15,
RUN STRAIGHT,806.5823139940737,807.0770117829712,0.49,
RUN STRAIGHT,807.1378693501706,807.350770484549,0.21,
MULTITRACK,807.2595725914057,810.554573996434,3.2950014050283016,7 tracks
RUN STRAIGHT,807.3944914677481,807.5459303544692,0.15,
RUN CURVE,807.62004847588,807.9243823170508,0.3,R avg +0.21 max 0.21 deg/100ft
RUN STRAIGHT,807.9243823170508,808.1373364956828,0.21,
YARD,807.9851489539706,810.1214110961968,2.136262142226201,7 tracks
RUN STRAIGHT,808.2248369278205,809.9033282100471,1.68,
RUN STRAIGHT,809.949785168897,811.1475884216862,1.2,
STATION,810.1627707590553,810.1627707590553,0.0,Field
RUN CURVE,811.1475884216862,811.3104631896157,0.16,L avg -2.16 max 5.37 deg/100ft
RUN STRAIGHT,811.3920176761588,811.5826564479013,0.19,
RUN CURVE,811.5826564479013,811.9020800410952,0.32,L avg -0.92 max 0.92 deg/100ft
RUN STRAIGHT,811.9020800410952,812.1092292088111,0.21,
RUN CURVE,812.1092292088111,812.4122282459796,0.3,L avg -2.24 max 7.13 deg/100ft
RUN STRAIGHT,812.7471964303223,813.3171069070885,0.57,
RUN STRAIGHT,813.5747743866534,813.7254117731607,0.15,
RUN STRAIGHT,813.7992370302601,813.9979602935464,0.2,
RUN STRAIGHT,814.0762983750872,814.281230255618,0.2,
RUN CURVE,814.281230255618,814.4581172067413,0.18,R avg +0.31 max 0.31 deg/100ft
MULTITRACK,814.4581172067413,814.9536103451557,0.49549313841430376,4 tracks
RUN STRAIGHT,814.9000108665772,815.0930240738876,0.19,
RUN STRAIGHT,815.181977411974,815.4394076163105,0.26,
MULTITRACK,815.3050008923196,815.6159944706396,0.3109935783199944,3 tracks
RUN CURVE,815.4394076163105,815.5929013916644,0.15,R avg +0.76 max 3.94 deg/100ft
RUN STRAIGHT,815.5929013916644,815.9998929428888,0.41,
RUN STRAIGHT,816.0937874720481,816.2947592739275,0.2,
RUN CURVE,816.5242122233551,816.6830916769516,0.16,L avg -0.55 max 0.55 deg/100ft
RUN STRAIGHT,816.6830916769516,817.2135813517166,0.53,
RUN CURVE,817.2135813517166,817.3968604009975,0.18,R avg +0.51 max 0.51 deg/100ft
RUN STRAIGHT,817.6473784650354,817.8572331451821,0.21,
MULTITRACK,817.6473784650354,817.992610333179,0.3452318681435145,4 tracks
BRIDGE,817.7158686894047,817.8572331451821,0.14136445577742052,
RUN STRAIGHT,817.992610333179,819.079374947858,1.09,
TUNNEL,817.992610333179,818.9726706212625,0.980060288083564,
RUN CURVE,819.079374947858,819.41682109825,0.34,L avg -0.21 max 0.21 deg/100ft
RUN STRAIGHT,819.41682109825,819.8331193765249,0.42,
MULTITRACK,819.4840053220729,819.8113048455594,0.3272995234865448,3 tracks
BRIDGE,819.5845042832324,819.7150273159109,0.13052303267852494,
RUN STRAIGHT,820.3592227955809,821.1952578850227,0.84,
MULTITRACK,821.0556405598081,821.6769478656059,0.6213073057978136,4 tracks
RUN CURVE,821.1952578850227,821.3848111290788,0.19,R avg +0.31 max 0.31 deg/100ft
RUN STRAIGHT,821.3848111290788,823.0840853891119,1.7,
TUNNEL,821.479164127388,822.6155033735029,1.1363392461148578,
MULTITRACK,822.4307836831873,823.3427432712426,0.9119595880553106,4 tracks
RUN CURVE,823.5071145694267,823.7920796575504,0.28,R avg +1.15 max 2.57 deg/100ft
RUN CURVE,823.9098494610964,824.6209788644127,0.71,R avg +1.75 max 3.55 deg/100ft
RUN STRAIGHT,824.8570612201539,825.0398770651658,0.18,
RUN CURVE,825.2830570399053,825.5178077607966,0.23,R avg +2.15 max 4.00 deg/100ft
RUN STRAIGHT,825.5178077607966,825.7011627526355,0.18,
RUN CURVE,825.7011627526355,825.862089538658,0.16,R avg +0.41 max 0.41 deg/100ft
RUN STRAIGHT,825.862089538658,826.7441124929659,0.88,
RUN STRAIGHT,827.0742847234711,827.3156146811115,0.24,
RUN STRAIGHT,827.4137737088307,827.6150939134739,0.2,
RUN STRAIGHT,827.663824687978,827.9677279821055,0.3,
RUN STRAIGHT,828.0306756248077,828.2634442044593,0.23,
RUN CURVE,828.3711378402746,828.7411769091723,0.37,L avg -2.12 max 2.99 deg/100ft
MULTITRACK,828.5987691076759,829.2281895911686,0.6294204834927086,3 tracks
RUN STRAIGHT,828.7411769091723,830.0172781327105,1.28,
BRIDGE,828.7411769091723,829.2281895911686,0.4870126819963616,
RUN CURVE,830.0172781327105,830.2747056808059,0.26,R avg +1.42 max 2.12 deg/100ft
RUN STRAIGHT,830.2747056808059,830.5184223313632,0.24,
RUN STRAIGHT,830.6384997739889,831.3713777151784,0.73,
RUN STRAIGHT,831.4489925957789,831.6084288492324,0.16,
RUN CURVE,831.6084288492324,831.8318646621772,0.22,R avg +0.42 max 0.42 deg/100ft
RUN STRAIGHT,831.8318646621772,832.0229155815799,0.19,
MULTITRACK,831.8318646621772,835.3789446273303,3.5470799651531024,6 tracks
RUN STRAIGHT,832.1491627816008,832.4154295889367,0.27,
RUN CURVE,832.4154295889367,833.1379601958354,0.72,L avg -1.75 max 2.82 deg/100ft
RUN STRAIGHT,833.1379601958354,834.083629601119,0.95,
RUN STRAIGHT,834.2333278695877,834.6774671390793,0.44,
YARD,834.5491480786467,835.0010083475955,0.4518602689488489,6 tracks
RUN STRAIGHT,834.7805565319239,835.276113789849,0.5,
RUN STRAIGHT,835.3789446273303,836.7630874022237,1.38,
MULTITRACK,835.7582368772007,838.9434376907166,3.1852008135158485,3 tracks
RUN CURVE,836.7630874022237,836.9154262786706,0.15,R avg +0.61 max 0.61 deg/100ft
RUN STRAIGHT,836.9154262786706,837.3677036121226,0.45,
RUN CURVE,837.3677036121226,837.9154580764222,0.55,L avg -0.20 max 0.20 deg/100ft
RUN STRAIGHT,837.9154580764222,838.3437169354213,0.43,
RUN CURVE,838.3437169354213,838.9434376907166,0.6,L avg -2.62 max 2.97 deg/100ft
RUN STRAIGHT,838.9434376907166,839.2967554957808,0.35,
RUN CURVE,839.2967554957808,839.565274586016,0.27,R avg +1.42 max 1.78 deg/100ft
RUN STRAIGHT,839.565274586016,840.1332836698388,0.57,
MULTITRACK,840.017090606831,841.3587246953483,1.3416340885173668,3 tracks
RUN STRAIGHT,840.3998429698944,840.5890079677174,0.19,
BRIDGE,840.3998429698944,840.4938978375192,0.09405486762477722,
RUN STRAIGHT,840.6297253000581,841.0127408165903,0.38,
RUN CURVE,841.0127408165903,841.3587246953483,0.35,L avg -0.57 max 0.97 deg/100ft
RUN STRAIGHT,841.3587246953483,842.0877034608848,0.73,
MULTITRACK,841.45037628868,841.9023704960659,0.4519942073859511,2 tracks
MULTITRACK,842.0568109679424,843.0837321700749,1.0269212021324847,6 tracks
RUN CURVE,842.0877034608848,842.3468564852138,0.26,R avg +0.37 max 0.37 deg/100ft
RUN STRAIGHT,842.3468564852138,842.6212453556669,0.27,
STATION,842.7145936480631,842.7145936480631,0.0,Lake Louise
RUN STRAIGHT,842.8597229308087,843.3984537856559,0.54,
BRIDGE,842.8597229308087,843.0837321700749,0.22400923926613814,
RUN CURVE,843.3984537856559,843.7378121433487,0.34,R avg +2.91 max 3.58 deg/100ft
RUN STRAIGHT,843.7378121433487,844.4270003652011,0.69,
RUN CURVE,844.4270003652011,844.7933928492009,0.37,L avg -1.53 max 1.94 deg/100ft
RUN STRAIGHT,844.7933928492009,845.43844632418,0.65,
RUN CURVE,845.43844632418,845.6882612082952,0.25,L avg -0.19 max 0.19 deg/100ft
RUN STRAIGHT,845.6882612082952,846.1172756193787,0.43,
RUN STRAIGHT,846.3542997165223,847.6990266248349,1.34,
BRIDGE,846.9960981607386,847.1046671361091,0.108568975370531,
RUN STRAIGHT,847.7652720371015,848.8181263723652,1.05,
RUN STRAIGHT,848.9658606305438,849.1604816892993,0.19,
RUN STRAIGHT,849.2445953223829,850.6674817318731,1.42,
RUN STRAIGHT,850.7091439983831,851.6386815920009,0.93,
RUN STRAIGHT,851.7401764098931,853.5790044201066,1.84,
RUN CURVE,853.5790044201066,854.086167910884,0.51,L avg -0.75 max 1.26 deg/100ft
RUN STRAIGHT,854.086167910884,855.9903092070231,1.9,
RUN CURVE,855.9903092070231,856.5322448600318,0.54,R avg +0.22 max 0.22 deg/100ft
RUN STRAIGHT,856.5322448600318,857.3097012197163,0.78,
MULTITRACK,857.3097012197163,859.7639130903968,2.454211870680524,5 tracks
RUN STRAIGHT,857.4396171199728,859.7639130903968,2.32,
RUN CURVE,859.7639130903968,859.9215624866941,0.16,R avg +0.21 max 0.21 deg/100ft
RUN STRAIGHT,859.9215624866941,861.2414595056271,1.32,
RUN CURVE,861.2414595056271,861.8958097865996,0.65,L avg -0.58 max 3.59 deg/100ft
RUN STRAIGHT,861.8958097865996,863.4484868239108,1.55,
RUN CURVE,863.4484868239108,864.3626309412496,0.91,L avg -0.83 max 1.93 deg/100ft
RUN STRAIGHT,864.3626309412496,866.2995794754381,1.94,
RUN CURVE,866.2995794754381,867.0611411726467,0.76,R avg +1.31 max 2.04 deg/100ft
RUN STRAIGHT,867.0611411726467,869.6706748245863,2.61,
RUN CURVE,869.6706748245863,870.4620578356131,0.79,L avg -2.00 max 5.05 deg/100ft
RUN STRAIGHT,870.4620578356131,871.3447750385566,0.88,
RUN CURVE,871.3447750385566,871.964816588731,0.62,R avg +0.53 max 0.70 deg/100ft
RUN STRAIGHT,871.964816588731,873.3324734502462,1.37,
RUN CURVE,873.3324734502462,873.7382521799847,0.41,R avg +2.58 max 3.79 deg/100ft
RUN STRAIGHT,873.7382521799847,874.6280208413417,0.89,
RUN CURVE,874.6280208413417,875.0717330568904,0.44,L avg -0.43 max 0.62 deg/100ft
RUN STRAIGHT,875.0717330568904,875.226132773845,0.15,
RUN CURVE,875.226132773845,875.7806247683039,0.55,L avg -1.90 max 3.07 deg/100ft
RUN STRAIGHT,875.7806247683039,876.0129443388064,0.23,
RUN CURVE,876.0129443388064,876.9012720596477,0.89,R avg +1.55 max 2.23 deg/100ft
RUN STRAIGHT,876.9012720596477,877.4326455032319,0.53,
RUN CURVE,877.4326455032319,877.8083423397511,0.38,L avg -2.49 max 3.46 deg/100ft
RUN STRAIGHT,877.8083423397511,878.0896825829511,0.28,
RUN CURVE,878.0896825829511,879.2667572969793,1.18,R avg +0.05 max 7.64 deg/100ft
RUN STRAIGHT,879.2667572969793,879.440691085035,0.17,
RUN CURVE,879.440691085035,879.6678553446234,0.23,R avg +1.43 max 1.68 deg/100ft
RUN STRAIGHT,879.6678553446234,880.07908853189,0.41,
RUN CURVE,880.07908853189,880.7075699926454,0.63,R avg +1.56 max 2.76 deg/100ft
RUN CURVE,880.7835428744795,881.0012034286085,0.22,L avg -3.25 max 4.01 deg/100ft
RUN STRAIGHT,881.0012034286085,881.292133313011,0.29,
RUN CURVE,881.292133313011,881.7228475971215,0.43,R avg +1.66 max 2.84 deg/100ft
RUN STRAIGHT,881.7228475971215,884.0479367502842,2.33,
RUN CURVE,884.0479367502842,884.2598601239126,0.21,L avg -0.58 max 0.58 deg/100ft
RUN STRAIGHT,884.2598601239126,886.7340963379474,2.47,
RUN STRAIGHT,886.8258482098823,887.2676518512396,0.44,
RUN CURVE,887.2676518512396,887.9513642844561,0.68,L avg -2.19 max 3.46 deg/100ft
RUN STRAIGHT,887.9513642844561,888.3145132988602,0.36,
RUN CURVE,888.3145132988602,889.7378445591833,1.42,R avg +0.06 max 9.47 deg/100ft
RUN STRAIGHT,889.7378445591833,890.1285484792218,0.39,
RUN CURVE,890.1285484792218,890.6245192474921,0.5,L avg -3.49 max 5.35 deg/100ft
RUN STRAIGHT,890.6245192474921,891.1123146522585,0.49,
RUN CURVE,891.1123146522585,891.6358949536209,0.52,R avg +4.09 max 5.30 deg/100ft
RUN CURVE,891.7379789871271,891.9282795755529,0.19,L avg -5.42 max 10.91 deg/100ft
RUN CURVE,891.964984625778,892.300309127542,0.34,L avg -3.58 max 5.12 deg/100ft
RUN STRAIGHT,892.300309127542,892.717011882584,0.42,
RUN CURVE,892.717011882584,893.1977461102202,0.48,R avg +1.99 max 2.54 deg/100ft
RUN STRAIGHT,893.1977461102202,895.5926553182256,2.39,
RUN CURVE,895.5926553182256,896.0316300030527,0.44,L avg -1.75 max 2.34 deg/100ft
RUN STRAIGHT,896.0316300030527,896.581421450518,0.55,
RUN CURVE,896.581421450518,896.887702253911,0.31,L avg -2.19 max 4.45 deg/100ft
RUN CURVE,896.9523812223441,897.306264422991,0.35,R avg +1.31 max 2.50 deg/100ft
RUN STRAIGHT,897.306264422991,897.6029335700757,0.3,
YARD,897.306264422991,898.4969278805135,1.1906634575224189,7 tracks
MULTITRACK,897.4760147652165,900.1230069214238,2.6469921562072614,7 tracks
BRIDGE,897.4760147652165,897.5565825311587,0.08056776594219173,
RUN STRAIGHT,897.7227525628002,899.3207047940905,1.6,
STATION,898.181699886169,898.181699886169,0.0,Banff
RUN STRAIGHT,899.3689916583006,899.5797576469081,0.21,
RUN CURVE,899.5797576469081,899.7878899432071,0.21,L avg -0.62 max 1.05 deg/100ft
RUN CURVE,899.9289296903312,900.1230069214238,0.19,L avg -0.39 max 0.54 deg/100ft
RUN STRAIGHT,900.1230069214238,901.7724571591818,1.65,
MULTITRACK,901.5168254652461,901.9127072101147,0.39588174486857497,3 tracks
BRIDGE,901.6552770935675,901.7724571591818,0.11718006561432048,
RUN CURVE,901.9380388158283,902.2652368414042,0.33,R avg +5.74 max 7.41 deg/100ft
RUN CURVE,902.3427484004864,902.6935688147792,0.35,R avg +0.38 max 5.10 deg/100ft
RUN CURVE,902.8047147050104,903.4791872440351,0.67,L avg -0.53 max 7.04 deg/100ft
RUN STRAIGHT,903.4791872440351,903.7570516697031,0.28,
RUN CURVE,903.7570516697031,904.0641331452607,0.31,L avg -0.21 max 0.21 deg/100ft
RUN STRAIGHT,904.0641331452607,904.2790011861422,0.21,
RUN CURVE,904.4440801726779,905.4291723291045,0.99,R avg +1.40 max 2.65 deg/100ft
RUN STRAIGHT,905.4291723291045,906.8116249309812,1.38,
RUN CURVE,906.8116249309812,908.5123086325525,1.7,R avg +0.46 max 2.93 deg/100ft
RUN STRAIGHT,908.5123086325525,909.2236621502769,0.71,
RUN CURVE,909.2236621502769,909.4376806420075,0.21,L avg -3.24 max 4.84 deg/100ft
RUN STRAIGHT,909.4376806420075,909.8571852085672,0.42,
RUN CURVE,909.8571852085672,910.7673428688697,0.91,L avg -0.65 max 1.47 deg/100ft
RUN STRAIGHT,910.7673428688697,911.365593116676,0.6,
RUN CURVE,911.365593116676,911.6244072645682,0.26,R avg +2.69 max 4.76 deg/100ft
RUN CURVE,911.6634740726043,911.9095518461643,0.25,R avg +1.93 max 3.16 deg/100ft
RUN CURVE,912.0416558118383,913.3231176513003,1.28,L avg -1.19 max 3.16 deg/100ft
RUN STRAIGHT,913.3231176513003,915.5463619537765,2.22,
RUN CURVE,915.5463619537765,915.9133338881642,0.37,L avg -0.79 max 1.28 deg/100ft
RUN STRAIGHT,915.9133338881642,916.3473242011062,0.43,
RUN CURVE,916.3473242011062,916.8541661053566,0.51,R avg +2.00 max 3.94 deg/100ft
RUN STRAIGHT,916.8541661053566,917.2451564941359,0.39,
RUN CURVE,917.2451564941359,917.4477364478294,0.2,R avg +2.07 max 3.60 deg/100ft
RUN CURVE,917.4997652169163,918.0393226304509,0.54,L avg -0.76 max 3.40 deg/100ft
RUN STRAIGHT,918.0393226304509,918.5869928909841,0.55,
RUN CURVE,918.5869928909841,918.7478319411025,0.16,R avg +0.20 max 0.20 deg/100ft
RUN STRAIGHT,918.7478319411025,920.084352199219,1.34,
RUN CURVE,920.084352199219,920.2842132668292,0.2,L avg -0.79 max 2.21 deg/100ft
RUN STRAIGHT,920.2842132668292,921.7721631843999,1.49,
RUN STRAIGHT,922.060067479486,922.2456836436833,0.19,
RUN CURVE,922.2456836436833,922.4003161035639,0.15,L avg -1.24 max 1.55 deg/100ft
RUN CURVE,922.4307997623285,922.8125735785329,0.38,L avg -1.77 max 3.82 deg/100ft
RUN CURVE,923.1514502025159,923.7310908425595,0.58,L avg -2.53 max 6.02 deg/100ft
RUN STRAIGHT,923.7310908425595,923.9995855277235,0.27,
RUN CURVE,923.9995855277235,925.0377954909608,1.04,R avg +1.05 max 2.34 deg/100ft
RUN STRAIGHT,925.0377954909608,925.8712151809907,0.83,
RUN CURVE,926.001717947061,927.0976463325904,1.1,L avg -0.27 max 5.36 deg/100ft
RUN STRAIGHT,927.2360959470665,929.1529140058964,1.92,
RUN CURVE,929.1529140058964,929.3373659112635,0.18,L avg -0.50 max 0.50 deg/100ft
RUN CURVE,929.4083650498974,929.7275520664675,0.32,L avg -2.11 max 2.88 deg/100ft
RUN STRAIGHT,929.7275520664675,930.395550000769,0.67,
RUN CURVE,930.395550000769,930.8864377194064,0.49,L avg -1.16 max 6.78 deg/100ft
RUN CURVE,930.9610258623966,931.8960739627328,0.94,L avg -1.39 max 2.70 deg/100ft
RUN CURVE,932.0171143437125,932.2012861848947,0.18,R avg +3.79 max 6.62 deg/100ft
RUN STRAIGHT,932.2012861848947,932.4287159493243,0.23,
RUN CURVE,932.4287159493243,933.557412201082,1.13,L avg -2.17 max 3.85 deg/100ft
RUN STRAIGHT,933.557412201082,934.8519935312454,1.29,
RUN CURVE,935.0546721711714,935.9890896897333,0.93,R avg +0.57 max 2.04 deg/100ft
RUN CURVE,936.2705221452942,936.4414329138143,0.17,R avg +0.73 max 1.06 deg/100ft
RUN STRAIGHT,936.711886440441,936.9885084510374,0.28,
RUN CURVE,936.9885084510374,937.3435178980488,0.36,L avg -1.01 max 1.74 deg/100ft
RUN STRAIGHT,937.3435178980488,937.8557207312488,0.51,
MULTITRACK,937.3435178980488,939.8212095106188,2.47769161256997,6 tracks
BRIDGE,937.6453841804384,937.7192114080589,0.07382722762042704,
RUN STRAIGHT,937.9320128597709,939.2474583561494,1.32,
RUN CURVE,939.2474583561494,939.8212095106188,0.57,L avg -1.79 max 3.58 deg/100ft
RUN STRAIGHT,939.8212095106188,940.3125730964362,0.49,
RUN STRAIGHT,940.4542815379797,941.4016068287307,0.95,
RUN CURVE,941.4016068287307,941.5870642847835,0.19,R avg +0.32 max 0.32 deg/100ft
RUN STRAIGHT,941.5870642847835,941.7757806296082,0.19,
RUN STRAIGHT,942.0257111618755,943.1086151207215,1.08,
RUN CURVE,943.1086151207215,943.5004700720507,0.39,R avg +1.56 max 2.04 deg/100ft
MULTITRACK,943.7526338058932,944.1699622266137,0.417328420720537,3 tracks
RUN STRAIGHT,943.8501100030893,944.0389451901589,0.19,
BRIDGE,943.8501100030893,944.0934918995123,0.24338189642298858,
RUN STRAIGHT,944.2477136845516,945.6440472092606,1.4,
RUN CURVE,945.8299742201981,946.001904864813,0.17,L avg -1.24 max 1.91 deg/100ft
BRIDGE,945.9359997598117,946.001904864813,0.06590510500132041,
RUN STRAIGHT,946.001904864813,946.2877124506712,0.29,
RUN CURVE,946.2877124506712,946.4866961974643,0.2,L avg -0.51 max 0.55 deg/100ft
RUN STRAIGHT,946.4866961974643,946.7510407711876,0.26,
RUN CURVE,946.7510407711876,947.5806270741978,0.83,L avg -1.03 max 1.70 deg/100ft
RUN STRAIGHT,947.5806270741978,947.8258271569964,0.25,
RUN CURVE,947.8258271569964,948.0606653122293,0.23,R avg +1.77 max 2.01 deg/100ft
RUN STRAIGHT,948.0606653122293,950.2943622953917,2.23,
RUN CURVE,950.3997517860815,950.5826778324756,0.18,R avg +2.59 max 4.11 deg/100ft
RUN STRAIGHT,950.5826778324756,958.1523069380476,7.57,
RUN CURVE,958.1523069380476,960.3232214216716,2.17,L avg -0.25 max 1.19 deg/100ft
RUN STRAIGHT,960.3232214216716,960.792526258241,0.47,
RUN CURVE,960.792526258241,961.4710356710973,0.68,R avg +0.60 max 3.84 deg/100ft
RUN STRAIGHT,961.4710356710973,962.846821692376,1.38,
RUN CURVE,962.846821692376,963.2132491534946,0.37,R avg +1.33 max 2.67 deg/100ft
BRIDGE,962.846821692376,962.8980528953905,0.05123120301448125,
RUN STRAIGHT,963.2132491534946,963.6256153677742,0.41,
RUN CURVE,963.6256153677742,963.9119696935946,0.29,R avg +0.38 max 0.54 deg/100ft
RUN STRAIGHT,963.9119696935946,967.8308754134881,3.92,
RUN CURVE,967.8308754134881,968.9369022106081,1.11,L avg -0.62 max 1.27 deg/100ft
RUN STRAIGHT,968.9369022106081,969.8169335523384,0.88,
RUN CURVE,969.8169335523384,971.2110766112392,1.39,L avg -0.03 max 1.60 deg/100ft
RUN STRAIGHT,971.2110766112392,971.564764448024,0.35,
RUN CURVE,971.564764448024,972.3791508044532,0.81,L avg -1.40 max 5.45 deg/100ft
RUN STRAIGHT,972.3791508044532,973.0091010636015,0.63,
RUN CURVE,973.0091010636015,973.3689882261241,0.36,R avg +2.86 max 5.42 deg/100ft
RUN STRAIGHT,973.3689882261241,973.524559089598,0.16,
RUN CURVE,973.524559089598,973.7214211274054,0.2,L avg -2.32 max 2.66 deg/100ft
RUN STRAIGHT,973.7214211274054,975.0842264716046,1.36,
MULTITRACK,974.3545299919186,978.0672136222764,3.7126836303577875,3 tracks
RUN CURVE,975.0842264716046,975.7648535674125,0.68,R avg +1.87 max 2.63 deg/100ft
RUN STRAIGHT,975.7648535674125,976.3241750939018,0.56,
RUN CURVE,976.3241750939018,976.7309945807303,0.41,L avg -1.33 max 2.55 deg/100ft
RUN STRAIGHT,976.7309945807303,976.9010477512113,0.17,
RUN CURVE,976.9010477512113,977.1470056065739,0.25,R avg +1.66 max 2.68 deg/100ft
RUN CURVE,977.2614237049875,977.5367977757016,0.28,L avg -0.66 max 1.04 deg/100ft
RUN CURVE,977.6109089893098,977.8261827140146,0.22,R avg +2.85 max 3.85 deg/100ft
RUN STRAIGHT,977.8261827140146,978.0205505726468,0.19,
RUN CURVE,978.0205505726468,978.4232812505563,0.4,L avg -1.32 max 3.02 deg/100ft
RUN STRAIGHT,978.4232812505563,978.8274635872374,0.4,
RUN CURVE,978.8274635872374,980.1108271888329,1.28,R avg +0.07 max 1.80 deg/100ft
RUN STRAIGHT,980.1108271888329,980.7393005220774,0.63,
RUN CURVE,980.7393005220774,983.529701414444,2.79,L avg -0.35 max 3.56 deg/100ft
RUN STRAIGHT,983.529701414444,983.8080649491478,0.28,
RUN CURVE,983.8080649491478,985.6577545401117,1.85,R avg +0.99 max 2.79 deg/100ft
RUN STRAIGHT,985.6577545401117,986.0225701443047,0.36,
RUN CURVE,986.0225701443047,987.6779730201555,1.66,R avg +0.17 max 6.10 deg/100ft
MULTITRACK,987.6779730201555,988.0515892859866,0.37361626583106045,3 tracks
RUN CURVE,987.7427343046102,988.8333411882592,1.09,L avg -0.17 max 7.68 deg/100ft
BRIDGE,987.8076982841172,987.9380628815028,0.13036459738555095,
RUN CURVE,989.4921831098832,989.656921944802,0.16,L avg -0.89 max 1.02 deg/100ft
RUN STRAIGHT,989.8064699472433,990.9419829145996,1.14,
RUN STRAIGHT,991.2377946799065,991.7218471446877,0.48,
BRIDGE,991.3726583546808,991.4252833929338,0.05262503825304066,
RUN STRAIGHT,991.772864575261,992.0818432481535,0.31,
RUN STRAIGHT,992.1731889710561,992.4623666813258,0.29,
RUN STRAIGHT,992.9754632570773,993.4148656139786,0.44,
RUN CURVE,993.4148656139786,993.8171889747942,0.4,L avg -0.81 max 1.17 deg/100ft
RUN STRAIGHT,993.8171889747942,994.2870265583156,0.47,
RUN CURVE,994.2870265583156,994.6655115926502,0.38,R avg +2.67 max 5.24 deg/100ft
RUN STRAIGHT,994.7769688037662,995.0197438171357,0.24,
RUN CURVE,995.0197438171357,995.5855468566009,0.57,R avg +0.76 max 1.05 deg/100ft
RUN STRAIGHT,995.5855468566009,995.7435251121158,0.16,
RUN CURVE,995.7435251121158,998.0882016754211,2.34,L avg -1.95 max 4.63 deg/100ft
RUN STRAIGHT,998.0882016754211,998.4849999578884,0.4,
RUN CURVE,998.4849999578884,1000.0411176111138,1.56,R avg +0.43 max 5.23 deg/100ft
RUN STRAIGHT,1000.0411176111138,1000.6393889138717,0.6,
RUN CURVE,1000.6393889138717,1004.9073507219923,4.27,L avg -0.04 max 5.94 deg/100ft
RUN STRAIGHT,1004.9073507219923,1005.6869856070762,0.78,
RUN STRAIGHT,1005.7646431650178,1008.2354753403055,2.47,
RUN STRAIGHT,1008.3027664464386,1008.5984831609027,0.3,
RUN CURVE,1008.5984831609027,1009.364426006606,0.77,R avg +0.94 max 1.97 deg/100ft
RUN CURVE,1009.402725386474,1011.101003160691,1.7,L avg -1.45 max 4.74 deg/100ft
RUN STRAIGHT,1011.101003160691,1011.3311346960669,0.23,
RUN CURVE,1011.3311346960669,1011.8047687885959,0.47,L avg -1.55 max 2.88 deg/100ft
RUN STRAIGHT,1011.8047687885959,1012.6002208074605,0.8,
RUN CURVE,1012.6002208074605,1012.9281560877396,0.33,R avg +0.98 max 1.69 deg/100ft
RUN STRAIGHT,1012.9281560877396,1014.4605495060744,1.53,
RUN STRAIGHT,1014.5463530288602,1016.1963686787333,1.65,
RUN CURVE,1016.1963686787333,1016.789940840129,0.59,R avg +2.17 max 4.73 deg/100ft
MULTITRACK,1016.5948829564325,1017.0835406523955,0.4886576959630702,4 tracks
BRIDGE,1016.7012530737535,1016.9775990068957,0.2763459331422382,
RUN STRAIGHT,1016.9775990068957,1017.5384556052743,0.56,
RUN CURVE,1017.5384556052743,1018.2502093489876,0.71,R avg +1.35 max 1.67 deg/100ft
RUN STRAIGHT,1018.2502093489876,1019.5473127922768,1.3,
BRIDGE,1019.470826731193,1019.5473127922768,0.07648606108375589,
RUN CURVE,1019.5473127922768,1020.2313710224007,0.68,L avg -0.83 max 1.63 deg/100ft
RUN STRAIGHT,1020.2313710224007,1020.4884870746974,0.26,
RUN CURVE,1020.9713875633522,1021.424471565251,0.45,R avg +0.85 max 1.30 deg/100ft
RUN STRAIGHT,1021.424471565251,1022.0154173128043,0.59,
RUN CURVE,1022.0154173128043,1022.6160947059055,0.6,R avg +0.97 max 3.12 deg/100ft
RUN CURVE,1023.1233642979023,1023.3063673627373,0.18,L avg -0.29 max 0.29 deg/100ft
RUN STRAIGHT,1023.3063673627373,1023.4886800997967,0.18,
RUN CURVE,1023.4886800997967,1024.1607047610185,0.67,R avg +1.09 max 2.13 deg/100ft
RUN STRAIGHT,1024.1607047610185,1024.9125002013845,0.75,
RUN CURVE,1025.0423305980132,1025.1957642914826,0.15,L avg -0.99 max 1.37 deg/100ft
RUN CURVE,1025.3196017853509,1025.5228301618658,0.2,L avg -0.52 max 0.76 deg/100ft
RUN CURVE,1025.5602400325351,1025.9569659778563,0.4,L avg -1.07 max 1.67 deg/100ft
RUN STRAIGHT,1026.2125252172475,1026.8739447538994,0.66,
MULTITRACK,1026.6921182262583,1029.325819718638,2.633701492379714,21 tracks
YARD,1026.8290481731583,1027.2344602767887,0.4054121036303968,7 tracks
RUN STRAIGHT,1026.93359206023,1027.4946195017167,0.56,
BRIDGE,1026.946544811488,1027.0346667707452,0.08812195925725064,
RUN STRAIGHT,1027.5414830236734,1028.8760513648456,1.33,
YARD,1027.772119954731,1029.325819718638,1.5536997639071615,33 tracks
BRIDGE,1028.4535550750415,1028.693329996271,0.23977492122935473,
TUNNEL,1028.629764553433,1028.8760513648456,0.24628681141257402,
RUN CURVE,1028.8760513648456,1029.0414808500414,0.17,L avg -0.42 max 0.42 deg/100ft
RUN STRAIGHT,1029.1322769956298,1029.325819718638,0.19,
STATION,1029.325819718638,1029.325819718638,0.0,Calgary (downtown)
